,GAME_ID,EVENTNUM,EVENTMSGTYPE,EVENTMSGACTIONTYPE,PERIOD,WCTIMESTRING,PCTIMESTRING,HOMEDESCRIPTION,NEUTRALDESCRIPTION,VISITORDESCRIPTION,SCORE,SCOREMARGIN,PERSON1TYPE,PLAYER1_ID,PLAYER1_NAME,PLAYER1_TEAM_ID,PLAYER1_TEAM_CITY,PLAYER1_TEAM_NICKNAME,PLAYER1_TEAM_ABBREVIATION,PERSON2TYPE,PLAYER2_ID,PLAYER2_NAME,PLAYER2_TEAM_ID,PLAYER2_TEAM_CITY,PLAYER2_TEAM_NICKNAME,PLAYER2_TEAM_ABBREVIATION,PERSON3TYPE,PLAYER3_ID,PLAYER3_NAME,PLAYER3_TEAM_ID,PLAYER3_TEAM_CITY,PLAYER3_TEAM_NICKNAME,PLAYER3_TEAM_ABBREVIATION,VIDEO_AVAILABLE_FLAG
0,0022300061,2,12,0,1,7:36 PM,12:00,,Start of 1st Period (7:36 PM EST),,,,0,0,,,,,,0,0,,,,,,0,0,,,,,,0
1,0022300061,4,10,0,1,7:36 PM,12:00,Jump Ball Jokic vs. Davis: Tip to James,,,,,4,203999,Nikola Jokić,1610612743.0,Denver,Nuggets,DEN,5,203076,Anthony Davis,1610612747.0,Los Angeles,Lakers,LAL,5,2544,LeBron James,1610612747.0,Los Angeles,Lakers,LAL,1
2,0022300061,7,1,7,1,7:37 PM,11:42,,,Davis 1' Dunk (2 PTS) (Russell 1 AST),2 - 0,-2,5,203076,Anthony Davis,1610612747.0,Los Angeles,Lakers,LAL,5,1626156,D'Angelo Russell,1610612747.0,Los Angeles,Lakers,LAL,0,0,,,,,,1
3,0022300061,10,1,101,1,7:37 PM,11:15,Jokic 7' Driving Floating Jump Shot (2 PTS) (Murray 1 AST),,,2 - 2,TIE,4,203999,Nikola Jokić,1610612743.0,Denver,Nuggets,DEN,4,1627750,Jamal Murray,1610612743.0,Denver,Nuggets,DEN,0,0,,,,,,1
4,0022300061,11,1,1,1,7:37 PM,10:57,,,Prince 24' 3PT Jump Shot (3 PTS) (James 1 AST),5 - 2,-3,5,1627752,Taurean Prince,1610612747.0,Los Angeles,Lakers,LAL,5,2544,LeBron James,1610612747.0,Los Angeles,Lakers,LAL,0,0,,,,,,1
5,0022300061,13,1,75,1,7:38 PM,10:40,Murray 6' Driving Finger Roll Layup (2 PTS),,,5 - 4,-1,4,1627750,Jamal Murray,1610612743.0,Denver,Nuggets,DEN,0,0,,,,,,0,0,,,,,,1
6,0022300061,14,1,1,1,7:38 PM,10:33,,,Prince 25' 3PT Jump Shot (6 PTS) (James 2 AST),8 - 4,-4,5,1627752,Taurean Prince,1610612747.0,Los Angeles,Lakers,LAL,5,2544,LeBron James,1610612747.0,Los Angeles,Lakers,LAL,0,0,,,,,,1
7,0022300061,16,1,80,1,7:38 PM,10:16,Murray 26' 3PT Step Back Jump Shot (5 PTS),,,8 - 7,-1,4,1627750,Jamal Murray,1610612743.0,Denver,Nuggets,DEN,0,0,,,,,,0,0,,,,,,1
8,0022300061,18,2,79,1,7:38 PM,10:03,,,MISS Russell 25' 3PT Pullup Jump Shot,,,5,1626156,D'Angelo Russell,1610612747.0,Los Angeles,Lakers,LAL,0,0,,,,,,0,0,,,,,,1
9,0022300061,19,4,0,1,7:38 PM,10:01,,,Reaves REBOUND (Off:1 Def:0),,,5,1630559,Austin Reaves,1610612747.0,Los Angeles,Lakers,LAL,0,0,,,,,,0,0,,,,,,1
10,0022300061,20,2,80,1,7:39 PM,9:49,,,MISS Davis 18' Step Back Jump Shot,,,5,203076,Anthony Davis,1610612747.0,Los Angeles,Lakers,LAL,0,0,,,,,,0,0,,,,,,1
11,0022300061,21,4,0,1,7:39 PM,9:46,Porter Jr. REBOUND (Off:0 Def:1),,,,,4,1629008,Michael Porter Jr.,1610612743.0,Denver,Nuggets,DEN,0,0,,,,,,0,0,,,,,,1
12,0022300061,22,2,5,1,7:39 PM,9:36,MISS Jokic 2' Layup,,Davis BLOCK (1 BLK),,,4,203999,Nikola Jokić,1610612743.0,Denver,Nuggets,DEN,0,0,,,,,,5,203076,Anthony Davis,1610612747.0,Los Angeles,Lakers,LAL,1
13,0022300061,23,4,0,1,7:39 PM,9:34,,,James REBOUND (Off:0 Def:1),,,5,2544,LeBron James,1610612747.0,Los Angeles,Lakers,LAL,0,0,,,,,,0,0,,,,,,1
14,0022300061,24,1,76,1,7:39 PM,9:30,,,James 2' Running Finger Roll Layup (2 PTS),10 - 7,-3,5,2544,LeBron James,1610612747.0,Los Angeles,Lakers,LAL,0,0,,,,,,0,0,,,,,,1
15,0022300061,25,2,58,1,7:39 PM,9:16,MISS Jokic 6' Turnaround Hook Shot,,,,,4,203999,Nikola Jokić,1610612743.0,Denver,Nuggets,DEN,0,0,,,,,,0,0,,,,,,1
16,0022300061,26,4,0,1,7:39 PM,9:16,Jokic REBOUND (Off:1 Def:0),,,,,4,203999,Nikola Jokić,1610612743.0,Denver,Nuggets,DEN,0,0,,,,,,0,0,,,,,,1
17,0022300061,27,1,58,1,7:39 PM,9:16,Jokic 6' Turnaround Hook Shot (4 PTS),,,10 - 9,-1,4,203999,Nikola Jokić,1610612743.0,Denver,Nuggets,DEN,0,0,,,,,,0,0,,,,,,1
18,0022300061,28,6,2,1,7:39 PM,9:16,,,Davis S.FOUL (P1.T1) (K.Cutler),,,5,203076,Anthony Davis,1610612747.0,Los Angeles,Lakers,LAL,4,203999,Nikola Jokić,1610612743.0,Denver,Nuggets,DEN,1,0,,,,,,1
19,0022300061,30,3,10,1,7:40 PM,9:16,MISS Jokic Free Throw 1 of 1,,,,,4,203999,Nikola Jokić,1610612743.0,Denver,Nuggets,DEN,0,0,,,,,,0,0,,,,,,1
20,0022300061,31,4,0,1,7:40 PM,9:14,,,Reaves REBOUND (Off:1 Def:1),,,5,1630559,Austin Reaves,1610612747.0,Los Angeles,Lakers,LAL,0,0,,,,,,0,0,,,,,,1
21,0022300061,32,2,1,1,7:40 PM,9:02,,,MISS James 3PT Jump Shot,,,5,2544,LeBron James,1610612747.0,Los Angeles,Lakers,LAL,0,0,,,,,,0,0,,,,,,1
22,0022300061,33,4,0,1,7:40 PM,8:58,Gordon REBOUND (Off:0 Def:1),,,,,4,203932,Aaron Gordon,1610612743.0,Denver,Nuggets,DEN,0,0,,,,,,0,0,,,,,,1
23,0022300061,34,1,41,1,7:40 PM,8:54,Gordon 3' Running Layup (2 PTS),,,10 - 11,1,4,203932,Aaron Gordon,1610612743.0,Denver,Nuggets,DEN,0,0,,,,,,0,0,,,,,,1
24,0022300061,35,2,63,1,7:40 PM,8:39,,,MISS Reaves 11' Fadeaway Jumper,,,5,1630559,Austin Reaves,1610612747.0,Los Angeles,Lakers,LAL,0,0,,,,,,0,0,,,,,,1
25,0022300061,36,4,0,1,7:40 PM,8:36,Porter Jr. REBOUND (Off:0 Def:2),,,,,4,1629008,Michael Porter Jr.,1610612743.0,Denver,Nuggets,DEN,0,0,,,,,,0,0,,,,,,1
26,0022300061,37,1,2,1,7:40 PM,8:30,Porter Jr. 25' 3PT Running Jump Shot (3 PTS) (Jokic 1 AST),,,10 - 14,4,4,1629008,Michael Porter Jr.,1610612743.0,Denver,Nuggets,DEN,4,203999,Nikola Jokić,1610612743.0,Denver,Nuggets,DEN,0,0,,,,,,1
27,0022300061,39,2,73,1,7:41 PM,8:14,Jokic BLOCK (1 BLK),,MISS Russell 4' Driving Reverse Layup,,,5,1626156,D'Angelo Russell,1610612747.0,Los Angeles,Lakers,LAL,0,0,,,,,,4,203999,Nikola Jokić,1610612743.0,Denver,Nuggets,DEN,1
28,0022300061,40,4,0,1,7:41 PM,8:13,Jokic REBOUND (Off:1 Def:1),,,,,4,203999,Nikola Jokić,1610612743.0,Denver,Nuggets,DEN,0,0,,,,,,0,0,,,,,,1
29,0022300061,41,5,1,1,7:41 PM,8:12,Jokic Bad Pass Turnover (P1.T1),,James STEAL (1 STL),,,4,203999,Nikola Jokić,1610612743.0,Denver,Nuggets,DEN,5,2544,LeBron James,1610612747.0,Los Angeles,Lakers,LAL,0,0,,,,,,1
30,0022300061,43,2,103,1,7:41 PM,8:07,,,MISS Russell 26' 3PT Running Pull-Up Jump Shot,,,5,1626156,D'Angelo Russell,1610612747.0,Los Angeles,Lakers,LAL,0,0,,,,,,0,0,,,,,,1
31,0022300061,44,4,0,1,7:41 PM,8:05,Gordon REBOUND (Off:0 Def:2),,,,,4,203932,Aaron Gordon,1610612743.0,Denver,Nuggets,DEN,0,0,,,,,,0,0,,,,,,1
32,0022300061,45,1,108,1,7:41 PM,7:58,Porter Jr. 2' Cutting Dunk Shot (5 PTS) (Gordon 1 AST),,,10 - 16,6,4,1629008,Michael Porter Jr.,1610612743.0,Denver,Nuggets,DEN,4,203932,Aaron Gordon,1610612743.0,Denver,Nuggets,DEN,0,0,,,,,,1
33,0022300061,47,6,2,1,7:41 PM,7:44,Jokic S.FOUL (P1.T1) (K.Cutler),,,,,4,203999,Nikola Jokić,1610612743.0,Denver,Nuggets,DEN,5,203076,Anthony Davis,1610612747.0,Los Angeles,Lakers,LAL,1,0,,,,,,1
34,0022300061,49,3,11,1,7:42 PM,7:44,,,Davis Free Throw 1 of 2 (3 PTS),11 - 16,5,5,203076,Anthony Davis,1610612747.0,Los Angeles,Lakers,LAL,0,0,,,,,,0,0,,,,,,1
35,0022300061,50,3,12,1,7:42 PM,7:44,,,Davis Free Throw 2 of 2 (4 PTS),12 - 16,4,5,203076,Anthony Davis,1610612747.0,Los Angeles,Lakers,LAL,0,0,,,,,,0,0,,,,,,1
36,0022300061,51,2,79,1,7:43 PM,7:30,MISS Murray 27' 3PT Pullup Jump Shot,,Prince BLOCK (1 BLK),,,4,1627750,Jamal Murray,1610612743.0,Denver,Nuggets,DEN,0,0,,,,,,5,1627752,Taurean Prince,1610612747.0,Los Angeles,Lakers,LAL,1
37,0022300061,52,4,0,1,7:43 PM,7:29,NUGGETS Rebound,,,,,2,1610612743,,,,,,0,0,,,,,,0,0,,,,,,0
38,0022300061,55,1,1,1,7:43 PM,7:25,Caldwell-Pope 16' Jump Shot (2 PTS) (Gordon 2 AST),,,12 - 18,6,4,203484,Kentavious Caldwell-Pope,1610612743.0,Denver,Nuggets,DEN,4,203932,Aaron Gordon,1610612743.0,Denver,Nuggets,DEN,0,0,,,,,,1
39,0022300061,57,1,6,1,7:43 PM,7:02,,,Davis 3' Driving Layup (6 PTS),14 - 18,4,5,203076,Anthony Davis,1610612747.0,Los Angeles,Lakers,LAL,0,0,,,,,,0,0,,,,,,1
40,0022300061,58,2,63,1,7:44 PM,6:51,MISS Caldwell-Pope 16' Fadeaway Jumper,,,,,4,203484,Kentavious Caldwell-Pope,1610612743.0,Denver,Nuggets,DEN,0,0,,,,,,0,0,,,,,,1
41,0022300061,59,4,0,1,7:44 PM,6:48,,,James REBOUND (Off:0 Def:2),,,5,2544,LeBron James,1610612747.0,Los Angeles,Lakers,LAL,0,0,,,,,,0,0,,,,,,1
42,0022300061,60,1,76,1,7:44 PM,6:44,,,James 2' Running Finger Roll Layup (4 PTS),16 - 18,2,5,2544,LeBron James,1610612747.0,Los Angeles,Lakers,LAL,0,0,,,,,,0,0,,,,,,1
43,0022300061,62,1,6,1,7:44 PM,6:27,Jokic 3' Driving Layup (6 PTS) (Murray 2 AST),,,16 - 20,4,4,203999,Nikola Jokić,1610612743.0,Denver,Nuggets,DEN,4,1627750,Jamal Murray,1610612743.0,Denver,Nuggets,DEN,0,0,,,,,,1
44,0022300061,64,2,75,1,7:44 PM,6:15,,,MISS Davis 6' Driving Finger Roll Layup,,,5,203076,Anthony Davis,1610612747.0,Los Angeles,Lakers,LAL,0,0,,,,,,0,0,,,,,,1
45,0022300061,65,4,0,1,7:44 PM,6:14,Jokic REBOUND (Off:1 Def:2),,,,,4,203999,Nikola Jokić,1610612743.0,Denver,Nuggets,DEN,0,0,,,,,,0,0,,,,,,1
46,0022300061,66,2,2,1,7:44 PM,6:11,MISS Murray 26' 3PT Running Jump Shot,,,,,4,1627750,Jamal Murray,1610612743.0,Denver,Nuggets,DEN,0,0,,,,,,0,0,,,,,,1
47,0022300061,67,4,0,1,7:44 PM,6:07,,,Lakers Rebound,,,3,1610612747,,,,,,0,0,,,,,,0,0,,,,,,1
48,0022300061,68,9,1,1,7:45 PM,6:07,NUGGETS Timeout: Regular (Full 1 Short 0),,,,,2,1610612743,,,,,,0,0,,,,,,0,0,,,,,,0
49,0022300061,69,8,0,1,7:47 PM,6:07,SUB: Jackson FOR Murray,,,,,4,1627750,Jamal Murray,1610612743.0,Denver,Nuggets,DEN,4,202704,Reggie Jackson,1610612743.0,Denver,Nuggets,DEN,0,0,,,,,,0
50,0022300061,70,8,0,1,7:47 PM,6:07,,,SUB: Hachimura FOR James,,,5,2544,LeBron James,1610612747.0,Los Angeles,Lakers,LAL,5,1629060,Rui Hachimura,1610612747.0,Los Angeles,Lakers,LAL,0,0,,,,,,0
51,0022300061,71,8,0,1,7:47 PM,6:07,,,SUB: Vincent FOR Russell,,,5,1626156,D'Angelo Russell,1610612747.0,Los Angeles,Lakers,LAL,5,1629216,Gabe Vincent,1610612747.0,Los Angeles,Lakers,LAL,0,0,,,,,,0
52,0022300061,76,2,1,1,7:49 PM,5:53,,,MISS Prince 3PT Jump Shot,,,5,1627752,Taurean Prince,1610612747.0,Los Angeles,Lakers,LAL,0,0,,,,,,0,0,,,,,,1
53,0022300061,77,4,0,1,7:49 PM,5:50,Jokic REBOUND (Off:1 Def:3),,,,,4,203999,Nikola Jokić,1610612743.0,Denver,Nuggets,DEN,0,0,,,,,,0,0,,,,,,1
54,0022300061,78,5,2,1,7:49 PM,5:39,Caldwell-Pope Lost Ball Turnover (P1.T2),,Reaves STEAL (1 STL),,,4,203484,Kentavious Caldwell-Pope,1610612743.0,Denver,Nuggets,DEN,5,1630559,Austin Reaves,1610612747.0,Los Angeles,Lakers,LAL,0,0,,,,,,1
55,0022300061,80,2,41,1,7:49 PM,5:33,,,MISS Davis 5' Running Layup,,,5,203076,Anthony Davis,1610612747.0,Los Angeles,Lakers,LAL,0,0,,,,,,0,0,,,,,,1
56,0022300061,81,4,0,1,7:49 PM,5:32,,,Hachimura REBOUND (Off:1 Def:0),,,5,1629060,Rui Hachimura,1610612747.0,Los Angeles,Lakers,LAL,0,0,,,,,,0,0,,,,,,1
57,0022300061,82,2,85,1,7:49 PM,5:32,,,MISS Hachimura 3' Turnaround Bank Shot,,,5,1629060,Rui Hachimura,1610612747.0,Los Angeles,Lakers,LAL,0,0,,,,,,0,0,,,,,,1
58,0022300061,83,4,0,1,7:49 PM,5:29,Jackson REBOUND (Off:0 Def:1),,,,,4,202704,Reggie Jackson,1610612743.0,Denver,Nuggets,DEN,0,0,,,,,,0,0,,,,,,1
59,0022300061,84,2,2,1,7:49 PM,5:26,MISS Porter Jr. 25' 3PT Running Jump Shot,,,,,4,1629008,Michael Porter Jr.,1610612743.0,Denver,Nuggets,DEN,0,0,,,,,,0,0,,,,,,1
60,0022300061,85,4,0,1,7:49 PM,5:22,Jokic REBOUND (Off:2 Def:3),,,,,4,203999,Nikola Jokić,1610612743.0,Denver,Nuggets,DEN,0,0,,,,,,0,0,,,,,,1
61,0022300061,86,1,58,1,7:49 PM,5:21,Jokic 6' Turnaround Hook Shot (8 PTS),,,16 - 22,6,4,203999,Nikola Jokić,1610612743.0,Denver,Nuggets,DEN,0,0,,,,,,0,0,,,,,,1
62,0022300061,87,5,1,1,7:50 PM,5:03,Gordon STEAL (1 STL),,Davis Bad Pass Turnover (P1.T1),,,5,203076,Anthony Davis,1610612747.0,Los Angeles,Lakers,LAL,4,203932,Aaron Gordon,1610612743.0,Denver,Nuggets,DEN,0,0,,,,,,1
63,0022300061,89,1,58,1,7:50 PM,4:47,Jokic 6' Turnaround Hook Shot (10 PTS) (Gordon 3 AST),,,16 - 24,8,4,203999,Nikola Jokić,1610612743.0,Denver,Nuggets,DEN,4,203932,Aaron Gordon,1610612743.0,Denver,Nuggets,DEN,0,0,,,,,,1
64,0022300061,91,5,1,1,7:50 PM,4:25,Gordon STEAL (2 STL),,Davis Bad Pass Turnover (P2.T2),,,5,203076,Anthony Davis,1610612747.0,Los Angeles,Lakers,LAL,4,203932,Aaron Gordon,1610612743.0,Denver,Nuggets,DEN,0,0,,,,,,1
65,0022300061,93,1,2,1,7:50 PM,4:20,Caldwell-Pope 3PT Running Jump Shot (5 PTS) (Gordon 4 AST),,,16 - 27,11,4,203484,Kentavious Caldwell-Pope,1610612743.0,Denver,Nuggets,DEN,4,203932,Aaron Gordon,1610612743.0,Denver,Nuggets,DEN,0,0,,,,,,1
66,0022300061,95,2,80,1,7:51 PM,4:00,,,MISS Davis 17' Step Back Jump Shot,,,5,203076,Anthony Davis,1610612747.0,Los Angeles,Lakers,LAL,0,0,,,,,,0,0,,,,,,1
67,0022300061,96,4,0,1,7:51 PM,3:57,,,Prince REBOUND (Off:1 Def:0),,,5,1627752,Taurean Prince,1610612747.0,Los Angeles,Lakers,LAL,0,0,,,,,,0,0,,,,,,1
68,0022300061,97,2,1,1,7:51 PM,3:53,,,MISS Hachimura 25' 3PT Jump Shot,,,5,1629060,Rui Hachimura,1610612747.0,Los Angeles,Lakers,LAL,0,0,,,,,,0,0,,,,,,1
69,0022300061,98,4,0,1,7:51 PM,3:49,Gordon REBOUND (Off:0 Def:3),,,,,4,203932,Aaron Gordon,1610612743.0,Denver,Nuggets,DEN,0,0,,,,,,0,0,,,,,,1
70,0022300061,99,2,1,1,7:51 PM,3:38,MISS Porter Jr. 29' 3PT Jump Shot,,,,,4,1629008,Michael Porter Jr.,1610612743.0,Denver,Nuggets,DEN,0,0,,,,,,0,0,,,,,,1
71,0022300061,100,4,0,1,7:51 PM,3:35,,,Prince REBOUND (Off:1 Def:1),,,5,1627752,Taurean Prince,1610612747.0,Los Angeles,Lakers,LAL,0,0,,,,,,0,0,,,,,,1
72,0022300061,101,1,6,1,7:51 PM,3:26,,,Reaves 3' Driving Layup (2 PTS),18 - 27,9,5,1630559,Austin Reaves,1610612747.0,Los Angeles,Lakers,LAL,0,0,,,,,,0,0,,,,,,1
73,0022300061,103,1,44,1,7:52 PM,3:11,Jackson 3' Reverse Layup (2 PTS) (Jokic 2 AST),,,18 - 29,11,4,202704,Reggie Jackson,1610612743.0,Denver,Nuggets,DEN,4,203999,Nikola Jokić,1610612743.0,Denver,Nuggets,DEN,0,0,,,,,,1
74,0022300061,105,2,79,1,7:52 PM,2:56,,,MISS Reaves 12' Pullup Jump Shot,,,5,1630559,Austin Reaves,1610612747.0,Los Angeles,Lakers,LAL,0,0,,,,,,0,0,,,,,,1
75,0022300061,106,4,0,1,7:52 PM,2:55,Porter Jr. REBOUND (Off:0 Def:3),,,,,4,1629008,Michael Porter Jr.,1610612743.0,Denver,Nuggets,DEN,0,0,,,,,,0,0,,,,,,1
76,0022300061,107,5,45,1,7:52 PM,2:50,Jackson Out of Bounds - Bad Pass Turnover Turnover (P1.T3),,,,,4,202704,Reggie Jackson,1610612743.0,Denver,Nuggets,DEN,0,0,,,,,,1,0,,,,,,1
77,0022300061,108,9,1,1,7:52 PM,2:50,,,Lakers Timeout: Regular (Reg.1 Short 0),,,3,1610612747,,,,,,0,0,,,,,,0,0,,,,,,0
78,0022300061,110,8,0,1,7:55 PM,2:50,SUB: Watson FOR Porter Jr.,,,,,4,1629008,Michael Porter Jr.,1610612743.0,Denver,Nuggets,DEN,4,1631212,Peyton Watson,1610612743.0,Denver,Nuggets,DEN,0,0,,,,,,0
79,0022300061,111,8,0,1,7:55 PM,2:50,SUB: Nnaji FOR Caldwell-Pope,,,,,4,203484,Kentavious Caldwell-Pope,1610612743.0,Denver,Nuggets,DEN,4,1630192,Zeke Nnaji,1610612743.0,Denver,Nuggets,DEN,0,0,,,,,,0
80,0022300061,112,8,0,1,7:55 PM,2:50,SUB: Murray FOR Jokic,,,,,4,203999,Nikola Jokić,1610612743.0,Denver,Nuggets,DEN,4,1627750,Jamal Murray,1610612743.0,Denver,Nuggets,DEN,0,0,,,,,,0
81,0022300061,113,8,0,1,7:55 PM,2:50,SUB: Braun FOR Gordon,,,,,4,203932,Aaron Gordon,1610612743.0,Denver,Nuggets,DEN,4,1631128,Christian Braun,1610612743.0,Denver,Nuggets,DEN,0,0,,,,,,0
82,0022300061,114,8,0,1,7:55 PM,2:50,,,SUB: Hayes FOR Davis,,,5,203076,Anthony Davis,1610612747.0,Los Angeles,Lakers,LAL,5,1629637,Jaxson Hayes,1610612747.0,Los Angeles,Lakers,LAL,0,0,,,,,,0
83,0022300061,115,8,0,1,7:55 PM,2:50,,,SUB: Reddish FOR Prince,,,5,1627752,Taurean Prince,1610612747.0,Los Angeles,Lakers,LAL,5,1629629,Cam Reddish,1610612747.0,Los Angeles,Lakers,LAL,0,0,,,,,,0
84,0022300061,116,8,0,1,7:55 PM,2:50,,,SUB: Russell FOR Reaves,,,5,1630559,Austin Reaves,1610612747.0,Los Angeles,Lakers,LAL,5,1626156,D'Angelo Russell,1610612747.0,Los Angeles,Lakers,LAL,0,0,,,,,,0
85,0022300061,124,2,79,1,7:56 PM,2:29,,,MISS Vincent 26' 3PT Pullup Jump Shot,,,5,1629216,Gabe Vincent,1610612747.0,Los Angeles,Lakers,LAL,0,0,,,,,,0,0,,,,,,1
86,0022300061,125,4,0,1,7:56 PM,2:25,Jackson REBOUND (Off:0 Def:2),,,,,4,202704,Reggie Jackson,1610612743.0,Denver,Nuggets,DEN,0,0,,,,,,0,0,,,,,,1
87,0022300061,126,6,1,1,7:56 PM,2:21,,,Vincent P.FOUL (P1.T2) (S.Twardoski),,,5,1629216,Gabe Vincent,1610612747.0,Los Angeles,Lakers,LAL,4,1630192,Zeke Nnaji,1610612743.0,Denver,Nuggets,DEN,1,0,,,,,,1
88,0022300061,152,5,2,1,7:57 PM,2:10,Braun Lost Ball Turnover (P1.T4),,Russell STEAL (1 STL),,,4,1631128,Christian Braun,1610612743.0,Denver,Nuggets,DEN,5,1626156,D'Angelo Russell,1610612747.0,Los Angeles,Lakers,LAL,0,0,,,,,,0
89,0022300061,131,1,78,1,7:57 PM,1:56,,,Russell 6' Floating Jump Shot (2 PTS),20 - 29,9,5,1626156,D'Angelo Russell,1610612747.0,Los Angeles,Lakers,LAL,0,0,,,,,,0,0,,,,,,1
90,0022300061,132,2,1,1,7:57 PM,1:34,MISS Watson 3PT Jump Shot,,,,,4,1631212,Peyton Watson,1610612743.0,Denver,Nuggets,DEN,0,0,,,,,,0,0,,,,,,1
91,0022300061,133,4,0,1,7:57 PM,1:30,,,Reddish REBOUND (Off:0 Def:1),,,5,1629629,Cam Reddish,1610612747.0,Los Angeles,Lakers,LAL,0,0,,,,,,0,0,,,,,,1
92,0022300061,134,2,1,1,7:58 PM,1:14,,,MISS Reddish 25' 3PT Jump Shot,,,5,1629629,Cam Reddish,1610612747.0,Los Angeles,Lakers,LAL,0,0,,,,,,0,0,,,,,,1
93,0022300061,135,4,0,1,7:58 PM,1:12,Braun REBOUND (Off:0 Def:1),,,,,4,1631128,Christian Braun,1610612743.0,Denver,Nuggets,DEN,0,0,,,,,,0,0,,,,,,1
94,0022300061,136,2,1,1,7:58 PM,1:00,MISS Nnaji 27' 3PT Jump Shot,,,,,4,1630192,Zeke Nnaji,1610612743.0,Denver,Nuggets,DEN,0,0,,,,,,0,0,,,,,,1
95,0022300061,137,4,0,1,7:58 PM,0:57,,,Russell REBOUND (Off:0 Def:1),,,5,1626156,D'Angelo Russell,1610612747.0,Los Angeles,Lakers,LAL,0,0,,,,,,0,0,,,,,,1
96,0022300061,138,5,1,1,7:58 PM,0:55,Jackson STEAL (1 STL),,Russell Bad Pass Turnover (P1.T3),,,5,1626156,D'Angelo Russell,1610612747.0,Los Angeles,Lakers,LAL,4,202704,Reggie Jackson,1610612743.0,Denver,Nuggets,DEN,0,0,,,,,,1
97,0022300061,140,6,2,1,7:58 PM,0:40,,,Hayes S.FOUL (P1.T3) (K.Cutler),,,5,1629637,Jaxson Hayes,1610612747.0,Los Angeles,Lakers,LAL,4,1630192,Zeke Nnaji,1610612743.0,Denver,Nuggets,DEN,1,0,,,,,,1
98,0022300061,142,3,11,1,7:59 PM,0:40,Nnaji Free Throw 1 of 2 (1 PTS),,,20 - 30,10,4,1630192,Zeke Nnaji,1610612743.0,Denver,Nuggets,DEN,0,0,,,,,,0,0,,,,,,1
99,0022300061,143,8,0,1,7:59 PM,0:40,,,SUB: James FOR Hachimura,,,5,1629060,Rui Hachimura,1610612747.0,Los Angeles,Lakers,LAL,5,2544,LeBron James,1610612747.0,Los Angeles,Lakers,LAL,0,0,,,,,,0
100,0022300061,145,3,12,1,7:59 PM,0:40,Nnaji Free Throw 2 of 2 (2 PTS),,,20 - 31,11,4,1630192,Zeke Nnaji,1610612743.0,Denver,Nuggets,DEN,0,0,,,,,,0,0,,,,,,1
101,0022300061,146,2,6,1,7:59 PM,0:23,Watson BLOCK (1 BLK),,MISS Russell 3' Driving Layup,,,5,1626156,D'Angelo Russell,1610612747.0,Los Angeles,Lakers,LAL,0,0,,,,,,4,1631212,Peyton Watson,1610612743.0,Denver,Nuggets,DEN,1
102,0022300061,148,4,0,1,7:59 PM,0:23,,,Lakers Rebound,,,3,1610612747,,,,,,0,0,,,,,,0,0,,,,,,0
103,0022300061,150,2,1,1,8:00 PM,0:19,,,MISS James 23' Jump Shot,,,5,2544,LeBron James,1610612747.0,Los Angeles,Lakers,LAL,0,0,,,,,,0,0,,,,,,1
104,0022300061,151,4,0,1,8:00 PM,0:17,Murray REBOUND (Off:0 Def:1),,,,,4,1627750,Jamal Murray,1610612743.0,Denver,Nuggets,DEN,0,0,,,,,,0,0,,,,,,1
105,0022300061,154,1,80,1,8:00 PM,0:01,Jackson 26' 3PT Step Back Jump Shot (5 PTS) (Nnaji 1 AST),,,20 - 34,14,4,202704,Reggie Jackson,1610612743.0,Denver,Nuggets,DEN,4,1630192,Zeke Nnaji,1610612743.0,Denver,Nuggets,DEN,0,0,,,,,,1
106,0022300061,156,13,0,1,8:00 PM,0:00,,End of 1st Period (8:00 PM EST),,20 - 34,14,0,0,,,,,,0,0,,,,,,0,0,,,,,,1
107,0022300061,159,12,0,2,8:04 PM,12:00,,Start of 2nd Period (8:04 PM EST),,20 - 34,14,0,0,,,,,,0,0,,,,,,0,0,,,,,,0
108,0022300061,160,1,1,2,8:04 PM,11:46,Watson 26' 3PT Jump Shot (3 PTS) (Murray 3 AST),,,20 - 37,17,4,1631212,Peyton Watson,1610612743.0,Denver,Nuggets,DEN,4,1627750,Jamal Murray,1610612743.0,Denver,Nuggets,DEN,0,0,,,,,,0
109,0022300061,162,2,6,2,8:05 PM,11:24,Braun BLOCK (1 BLK),,MISS James 4' Driving Layup,,,5,2544,LeBron James,1610612747.0,Los Angeles,Lakers,LAL,0,0,,,,,,4,1631128,Christian Braun,1610612743.0,Denver,Nuggets,DEN,1
110,0022300061,164,4,0,2,8:05 PM,11:24,,,Lakers Rebound,,,3,1610612747,,,,,,0,0,,,,,,0,0,,,,,,0
111,0022300061,166,5,4,2,8:05 PM,11:19,,,Wood Traveling Turnover (P1.T4),,,5,1626174,Christian Wood,1610612747.0,Los Angeles,Lakers,LAL,0,0,,,,,,1,0,,,,,,1
112,0022300061,168,2,79,2,8:06 PM,10:59,MISS Jackson 16' Pullup Jump Shot,,,,,4,202704,Reggie Jackson,1610612743.0,Denver,Nuggets,DEN,0,0,,,,,,0,0,,,,,,1
113,0022300061,169,4,0,2,8:06 PM,10:57,,,Hayes REBOUND (Off:0 Def:1),,,5,1629637,Jaxson Hayes,1610612747.0,Los Angeles,Lakers,LAL,0,0,,,,,,0,0,,,,,,1
114,0022300061,170,1,47,2,8:06 PM,10:44,,,Wood 7' Turnaround Jump Shot (2 PTS) (Russell 2 AST),22 - 37,15,5,1626174,Christian Wood,1610612747.0,Los Angeles,Lakers,LAL,5,1626156,D'Angelo Russell,1610612747.0,Los Angeles,Lakers,LAL,0,0,,,,,,1
115,0022300061,172,1,1,2,8:06 PM,10:18,Jackson 3PT Jump Shot (8 PTS),,,22 - 40,18,4,202704,Reggie Jackson,1610612743.0,Denver,Nuggets,DEN,0,0,,,,,,0,0,,,,,,1
116,0022300061,173,1,75,2,8:07 PM,10:03,,,James 2' Driving Finger Roll Layup (6 PTS),24 - 40,16,5,2544,LeBron James,1610612747.0,Los Angeles,Lakers,LAL,0,0,,,,,,0,0,,,,,,1
117,0022300061,174,6,1,2,8:07 PM,9:47,,,Russell P.FOUL (P1.T1) (S.Twardoski),,,5,1626156,D'Angelo Russell,1610612747.0,Los Angeles,Lakers,LAL,4,1627750,Jamal Murray,1610612743.0,Denver,Nuggets,DEN,1,0,,,,,,1
118,0022300061,177,1,7,2,8:08 PM,9:41,Nnaji 1' Dunk (4 PTS) (Jackson 1 AST),,,24 - 42,18,4,1630192,Zeke Nnaji,1610612743.0,Denver,Nuggets,DEN,4,202704,Reggie Jackson,1610612743.0,Denver,Nuggets,DEN,0,0,,,,,,1
119,0022300061,179,2,101,2,8:09 PM,9:28,,,MISS Russell 4' Driving Floating Jump Shot,,,5,1626156,D'Angelo Russell,1610612747.0,Los Angeles,Lakers,LAL,0,0,,,,,,0,0,,,,,,1
120,0022300061,180,4,0,2,8:09 PM,9:27,Murray REBOUND (Off:0 Def:2),,,,,4,1627750,Jamal Murray,1610612743.0,Denver,Nuggets,DEN,0,0,,,,,,0,0,,,,,,1
121,0022300061,181,6,1,2,8:09 PM,9:11,,,Russell P.FOUL (P2.T2) (J.Williams),,,5,1626156,D'Angelo Russell,1610612747.0,Los Angeles,Lakers,LAL,4,1627750,Jamal Murray,1610612743.0,Denver,Nuggets,DEN,1,0,,,,,,1
122,0022300061,183,8,0,2,8:09 PM,9:11,SUB: Caldwell-Pope FOR Jackson,,,,,4,202704,Reggie Jackson,1610612743.0,Denver,Nuggets,DEN,4,203484,Kentavious Caldwell-Pope,1610612743.0,Denver,Nuggets,DEN,0,0,,,,,,0
123,0022300061,184,8,0,2,8:09 PM,9:11,,,SUB: Davis FOR Hayes,,,5,1629637,Jaxson Hayes,1610612747.0,Los Angeles,Lakers,LAL,5,203076,Anthony Davis,1610612747.0,Los Angeles,Lakers,LAL,0,0,,,,,,0
124,0022300061,187,6,1,2,8:10 PM,9:05,,,Vincent P.FOUL (P2.T3) (S.Twardoski),,,5,1629216,Gabe Vincent,1610612747.0,Los Angeles,Lakers,LAL,4,1627750,Jamal Murray,1610612743.0,Denver,Nuggets,DEN,1,0,,,,,,1
125,0022300061,189,6,1,2,8:10 PM,9:02,,,Vincent P.FOUL (P3.T4) (J.Williams),,,5,1629216,Gabe Vincent,1610612747.0,Los Angeles,Lakers,LAL,4,1627750,Jamal Murray,1610612743.0,Denver,Nuggets,DEN,1,0,,,,,,1
126,0022300061,191,8,0,2,8:10 PM,9:02,,,SUB: Reddish FOR Vincent,,,5,1629216,Gabe Vincent,1610612747.0,Los Angeles,Lakers,LAL,5,1629629,Cam Reddish,1610612747.0,Los Angeles,Lakers,LAL,0,0,,,,,,0
127,0022300061,193,2,6,2,8:11 PM,8:47,MISS Nnaji 4' Driving Layup,,,,,4,1630192,Zeke Nnaji,1610612743.0,Denver,Nuggets,DEN,0,0,,,,,,0,0,,,,,,1
128,0022300061,195,4,0,2,8:11 PM,8:45,,,James REBOUND (Off:0 Def:3),,,5,2544,LeBron James,1610612747.0,Los Angeles,Lakers,LAL,0,0,,,,,,0,0,,,,,,1
129,0022300061,196,1,76,2,8:11 PM,8:40,,,James 3' Running Finger Roll Layup (8 PTS),26 - 42,16,5,2544,LeBron James,1610612747.0,Los Angeles,Lakers,LAL,0,0,,,,,,0,0,,,,,,1
130,0022300061,197,9,1,2,8:11 PM,8:38,NUGGETS Timeout: Regular (Full 2 Short 0),,,,,2,1610612743,,,,,,0,0,,,,,,0,0,,,,,,0
131,0022300061,199,8,0,2,8:14 PM,8:38,SUB: Jokic FOR Watson,,,,,4,1631212,Peyton Watson,1610612743.0,Denver,Nuggets,DEN,4,203999,Nikola Jokić,1610612743.0,Denver,Nuggets,DEN,0,0,,,,,,0
132,0022300061,200,8,0,2,8:14 PM,8:38,SUB: Jackson FOR Nnaji,,,,,4,1630192,Zeke Nnaji,1610612743.0,Denver,Nuggets,DEN,4,202704,Reggie Jackson,1610612743.0,Denver,Nuggets,DEN,0,0,,,,,,0
133,0022300061,201,8,0,2,8:14 PM,8:38,SUB: Gordon FOR Murray,,,,,4,1627750,Jamal Murray,1610612743.0,Denver,Nuggets,DEN,4,203932,Aaron Gordon,1610612743.0,Denver,Nuggets,DEN,0,0,,,,,,0
134,0022300061,205,5,45,2,8:15 PM,8:19,Jackson Out of Bounds - Bad Pass Turnover Turnover (P2.T5),,,,,4,202704,Reggie Jackson,1610612743.0,Denver,Nuggets,DEN,0,0,,,,,,1,0,,,,,,1
135,0022300061,206,1,1,2,8:15 PM,8:10,,,Reddish 25' 3PT Jump Shot (3 PTS) (Russell 3 AST),29 - 42,13,5,1629629,Cam Reddish,1610612747.0,Los Angeles,Lakers,LAL,5,1626156,D'Angelo Russell,1610612747.0,Los Angeles,Lakers,LAL,0,0,,,,,,1
136,0022300061,209,1,5,2,8:15 PM,7:54,Jokic 3' Layup (12 PTS),,,29 - 44,15,4,203999,Nikola Jokić,1610612743.0,Denver,Nuggets,DEN,0,0,,,,,,0,0,,,,,,1
137,0022300061,210,1,1,2,8:15 PM,7:44,,,Davis 26' 3PT Jump Shot (9 PTS) (Russell 4 AST),32 - 44,12,5,203076,Anthony Davis,1610612747.0,Los Angeles,Lakers,LAL,5,1626156,D'Angelo Russell,1610612747.0,Los Angeles,Lakers,LAL,0,0,,,,,,1
138,0022300061,212,2,1,2,8:16 PM,7:25,MISS Jackson 27' 3PT Jump Shot,,,,,4,202704,Reggie Jackson,1610612743.0,Denver,Nuggets,DEN,0,0,,,,,,0,0,,,,,,1
139,0022300061,213,4,0,2,8:16 PM,7:22,,,Russell REBOUND (Off:0 Def:2),,,5,1626156,D'Angelo Russell,1610612747.0,Los Angeles,Lakers,LAL,0,0,,,,,,0,0,,,,,,1
140,0022300061,214,2,1,2,8:16 PM,7:12,,,MISS Wood 25' 3PT Jump Shot,,,5,1626174,Christian Wood,1610612747.0,Los Angeles,Lakers,LAL,0,0,,,,,,0,0,,,,,,1
141,0022300061,215,4,0,2,8:16 PM,7:08,Jackson REBOUND (Off:0 Def:3),,,,,4,202704,Reggie Jackson,1610612743.0,Denver,Nuggets,DEN,0,0,,,,,,0,0,,,,,,1
142,0022300061,216,6,2,2,8:16 PM,7:05,,,Wood S.FOUL (P1.PN) (S.Twardoski),,,5,1626174,Christian Wood,1610612747.0,Los Angeles,Lakers,LAL,4,1631128,Christian Braun,1610612743.0,Denver,Nuggets,DEN,1,0,,,,,,1
143,0022300061,218,3,11,2,8:17 PM,7:05,MISS Braun Free Throw 1 of 2,,,,,4,1631128,Christian Braun,1610612743.0,Denver,Nuggets,DEN,0,0,,,,,,0,0,,,,,,1
144,0022300061,219,4,1,2,8:17 PM,7:05,NUGGETS Rebound,,,,,2,1610612743,,,,,,0,0,,,,,,0,0,,,,,,0
145,0022300061,220,8,0,2,8:17 PM,7:05,,,SUB: Reaves FOR Russell,,,5,1626156,D'Angelo Russell,1610612747.0,Los Angeles,Lakers,LAL,5,1630559,Austin Reaves,1610612747.0,Los Angeles,Lakers,LAL,0,0,,,,,,0
146,0022300061,222,3,12,2,8:17 PM,7:05,Braun Free Throw 2 of 2 (1 PTS),,,32 - 45,13,4,1631128,Christian Braun,1610612743.0,Denver,Nuggets,DEN,0,0,,,,,,0,0,,,,,,1
147,0022300061,223,1,47,2,8:17 PM,6:50,,,Davis 5' Turnaround Jump Shot (11 PTS),34 - 45,11,5,203076,Anthony Davis,1610612747.0,Los Angeles,Lakers,LAL,0,0,,,,,,0,0,,,,,,1
148,0022300061,224,1,3,2,8:17 PM,6:35,Jokic 4' Hook Shot (14 PTS),,,34 - 47,13,4,203999,Nikola Jokić,1610612743.0,Denver,Nuggets,DEN,0,0,,,,,,0,0,,,,,,1
149,0022300061,225,6,2,2,8:17 PM,6:35,,,Davis S.FOUL (P2.PN) (J.Williams),,,5,203076,Anthony Davis,1610612747.0,Los Angeles,Lakers,LAL,4,203999,Nikola Jokić,1610612743.0,Denver,Nuggets,DEN,1,0,,,,,,1
150,0022300061,227,8,0,2,8:18 PM,6:35,SUB: Porter Jr. FOR Braun,,,,,4,1631128,Christian Braun,1610612743.0,Denver,Nuggets,DEN,4,1629008,Michael Porter Jr.,1610612743.0,Denver,Nuggets,DEN,0,0,,,,,,0
151,0022300061,228,8,0,2,8:18 PM,6:35,,,SUB: Prince FOR James,,,5,2544,LeBron James,1610612747.0,Los Angeles,Lakers,LAL,5,1627752,Taurean Prince,1610612747.0,Los Angeles,Lakers,LAL,0,0,,,,,,0
152,0022300061,231,3,10,2,8:18 PM,6:35,MISS Jokic Free Throw 1 of 1,,,,,4,203999,Nikola Jokić,1610612743.0,Denver,Nuggets,DEN,0,0,,,,,,0,0,,,,,,1
153,0022300061,232,4,0,2,8:18 PM,6:32,,,Wood REBOUND (Off:0 Def:1),,,5,1626174,Christian Wood,1610612747.0,Los Angeles,Lakers,LAL,0,0,,,,,,0,0,,,,,,1
154,0022300061,233,2,80,2,8:18 PM,6:14,,,MISS Davis 15' Step Back Jump Shot,,,5,203076,Anthony Davis,1610612747.0,Los Angeles,Lakers,LAL,0,0,,,,,,0,0,,,,,,1
155,0022300061,234,4,0,2,8:18 PM,6:10,Jokic REBOUND (Off:2 Def:4),,,,,4,203999,Nikola Jokić,1610612743.0,Denver,Nuggets,DEN,0,0,,,,,,0,0,,,,,,1
156,0022300061,235,6,2,2,8:18 PM,6:09,,,Reddish S.FOUL (P1.PN) (K.Cutler),,,5,1629629,Cam Reddish,1610612747.0,Los Angeles,Lakers,LAL,4,203484,Kentavious Caldwell-Pope,1610612743.0,Denver,Nuggets,DEN,1,0,,,,,,1
157,0022300061,237,3,11,2,8:19 PM,6:09,Caldwell-Pope Free Throw 1 of 2 (6 PTS),,,34 - 48,14,4,203484,Kentavious Caldwell-Pope,1610612743.0,Denver,Nuggets,DEN,0,0,,,,,,0,0,,,,,,1
158,0022300061,238,3,12,2,8:19 PM,6:09,Caldwell-Pope Free Throw 2 of 2 (7 PTS),,,34 - 49,15,4,203484,Kentavious Caldwell-Pope,1610612743.0,Denver,Nuggets,DEN,0,0,,,,,,0,0,,,,,,1
159,0022300061,239,1,75,2,8:19 PM,5:56,,,Prince 3' Driving Finger Roll Layup (8 PTS) (Davis 1 AST),36 - 49,13,5,1627752,Taurean Prince,1610612747.0,Los Angeles,Lakers,LAL,5,203076,Anthony Davis,1610612747.0,Los Angeles,Lakers,LAL,0,0,,,,,,1
160,0022300061,241,1,1,2,8:20 PM,5:43,Jokic 26' 3PT Jump Shot (17 PTS) (Gordon 5 AST),,,36 - 52,16,4,203999,Nikola Jokić,1610612743.0,Denver,Nuggets,DEN,4,203932,Aaron Gordon,1610612743.0,Denver,Nuggets,DEN,0,0,,,,,,1
161,0022300061,243,1,79,2,8:20 PM,5:31,,,Reaves 20' Pullup Jump Shot (4 PTS),38 - 52,14,5,1630559,Austin Reaves,1610612747.0,Los Angeles,Lakers,LAL,0,0,,,,,,0,0,,,,,,1
162,0022300061,244,1,5,2,8:20 PM,5:13,Gordon 3' Layup (4 PTS),,,38 - 54,16,4,203932,Aaron Gordon,1610612743.0,Denver,Nuggets,DEN,0,0,,,,,,0,0,,,,,,1
163,0022300061,245,2,80,2,8:20 PM,5:02,,,MISS Reaves 20' Step Back Jump Shot,,,5,1630559,Austin Reaves,1610612747.0,Los Angeles,Lakers,LAL,0,0,,,,,,0,0,,,,,,1
164,0022300061,246,4,0,2,8:20 PM,4:59,Jokic REBOUND (Off:2 Def:5),,,,,4,203999,Nikola Jokić,1610612743.0,Denver,Nuggets,DEN,0,0,,,,,,0,0,,,,,,1
165,0022300061,247,2,44,2,8:21 PM,4:46,MISS Gordon 4' Reverse Layup,,Reddish BLOCK (1 BLK),,,4,203932,Aaron Gordon,1610612743.0,Denver,Nuggets,DEN,0,0,,,,,,5,1629629,Cam Reddish,1610612747.0,Los Angeles,Lakers,LAL,1
166,0022300061,248,4,0,2,8:21 PM,4:44,,,Reaves REBOUND (Off:1 Def:2),,,5,1630559,Austin Reaves,1610612747.0,Los Angeles,Lakers,LAL,0,0,,,,,,0,0,,,,,,1
167,0022300061,249,1,50,2,8:21 PM,4:40,,,Wood 2' Running Dunk (4 PTS) (Reaves 1 AST),40 - 54,14,5,1626174,Christian Wood,1610612747.0,Los Angeles,Lakers,LAL,5,1630559,Austin Reaves,1610612747.0,Los Angeles,Lakers,LAL,0,0,,,,,,1
168,0022300061,251,2,1,2,8:21 PM,4:19,MISS Jokic 9' Jump Shot,,,,,4,203999,Nikola Jokić,1610612743.0,Denver,Nuggets,DEN,0,0,,,,,,0,0,,,,,,1
169,0022300061,252,4,0,2,8:21 PM,4:17,Gordon REBOUND (Off:1 Def:3),,,,,4,203932,Aaron Gordon,1610612743.0,Denver,Nuggets,DEN,0,0,,,,,,0,0,,,,,,1
170,0022300061,253,2,1,2,8:21 PM,4:14,MISS Jackson 3PT Jump Shot,,,,,4,202704,Reggie Jackson,1610612743.0,Denver,Nuggets,DEN,0,0,,,,,,0,0,,,,,,1
171,0022300061,254,4,0,2,8:21 PM,4:10,,,Reaves REBOUND (Off:1 Def:3),,,5,1630559,Austin Reaves,1610612747.0,Los Angeles,Lakers,LAL,0,0,,,,,,0,0,,,,,,1
172,0022300061,255,6,2,2,8:21 PM,4:06,Jokic S.FOUL (P2.T1) (K.Cutler),,,,,4,203999,Nikola Jokić,1610612743.0,Denver,Nuggets,DEN,5,203076,Anthony Davis,1610612747.0,Los Angeles,Lakers,LAL,1,0,,,,,,1
173,0022300061,257,3,11,2,8:22 PM,4:06,,,Davis Free Throw 1 of 2 (12 PTS),41 - 54,13,5,203076,Anthony Davis,1610612747.0,Los Angeles,Lakers,LAL,0,0,,,,,,0,0,,,,,,1
174,0022300061,259,8,0,2,8:22 PM,4:06,SUB: Murray FOR Jackson,,,,,4,202704,Reggie Jackson,1610612743.0,Denver,Nuggets,DEN,4,1627750,Jamal Murray,1610612743.0,Denver,Nuggets,DEN,0,0,,,,,,0
175,0022300061,260,8,0,2,8:22 PM,4:06,,,SUB: Russell FOR Reddish,,,5,1629629,Cam Reddish,1610612747.0,Los Angeles,Lakers,LAL,5,1626156,D'Angelo Russell,1610612747.0,Los Angeles,Lakers,LAL,0,0,,,,,,0
176,0022300061,261,8,0,2,8:22 PM,4:06,,,SUB: Hachimura FOR Wood,,,5,1626174,Christian Wood,1610612747.0,Los Angeles,Lakers,LAL,5,1629060,Rui Hachimura,1610612747.0,Los Angeles,Lakers,LAL,0,0,,,,,,0
177,0022300061,265,3,12,2,8:22 PM,4:06,,,Davis Free Throw 2 of 2 (13 PTS),42 - 54,12,5,203076,Anthony Davis,1610612747.0,Los Angeles,Lakers,LAL,0,0,,,,,,0,0,,,,,,1
178,0022300061,266,2,1,2,8:23 PM,3:53,MISS Caldwell-Pope 26' 3PT Jump Shot,,,,,4,203484,Kentavious Caldwell-Pope,1610612743.0,Denver,Nuggets,DEN,0,0,,,,,,0,0,,,,,,1
179,0022300061,267,4,0,2,8:23 PM,3:52,NUGGETS Rebound,,,,,2,1610612743,,,,,,0,0,,,,,,0,0,,,,,,1
180,0022300061,268,6,3,2,8:23 PM,3:52,,,Hachimura L.B.FOUL (P1.PN) (K.Cutler),,,5,1629060,Rui Hachimura,1610612747.0,Los Angeles,Lakers,LAL,4,203999,Nikola Jokić,1610612743.0,Denver,Nuggets,DEN,1,0,,,,,,1
181,0022300061,270,3,11,2,8:23 PM,3:52,Jokic Free Throw 1 of 2 (18 PTS),,,42 - 55,13,4,203999,Nikola Jokić,1610612743.0,Denver,Nuggets,DEN,0,0,,,,,,0,0,,,,,,1
182,0022300061,271,3,12,2,8:23 PM,3:52,Jokic Free Throw 2 of 2 (19 PTS),,,42 - 56,14,4,203999,Nikola Jokić,1610612743.0,Denver,Nuggets,DEN,0,0,,,,,,0,0,,,,,,1
183,0022300061,272,1,58,2,8:24 PM,3:41,,,Davis 6' Turnaround Hook Shot (15 PTS) (Prince 1 AST),44 - 56,12,5,203076,Anthony Davis,1610612747.0,Los Angeles,Lakers,LAL,5,1627752,Taurean Prince,1610612747.0,Los Angeles,Lakers,LAL,0,0,,,,,,1
184,0022300061,273,2,79,2,8:24 PM,3:22,MISS Caldwell-Pope 14' Pullup Jump Shot,,,,,4,203484,Kentavious Caldwell-Pope,1610612743.0,Denver,Nuggets,DEN,0,0,,,,,,0,0,,,,,,1
185,0022300061,274,4,0,2,8:24 PM,3:22,,,Davis REBOUND (Off:0 Def:1),,,5,203076,Anthony Davis,1610612747.0,Los Angeles,Lakers,LAL,0,0,,,,,,0,0,,,,,,1
186,0022300061,276,6,2,2,8:24 PM,3:11,Caldwell-Pope S.FOUL (P1.T2) (J.Williams),,,,,4,203484,Kentavious Caldwell-Pope,1610612743.0,Denver,Nuggets,DEN,5,1630559,Austin Reaves,1610612747.0,Los Angeles,Lakers,LAL,1,0,,,,,,1
187,0022300061,278,3,11,2,8:24 PM,3:11,,,Reaves Free Throw 1 of 2 (5 PTS),45 - 56,11,5,1630559,Austin Reaves,1610612747.0,Los Angeles,Lakers,LAL,0,0,,,,,,0,0,,,,,,0
188,0022300061,279,3,12,2,8:25 PM,3:11,,,Reaves Free Throw 2 of 2 (6 PTS),46 - 56,10,5,1630559,Austin Reaves,1610612747.0,Los Angeles,Lakers,LAL,0,0,,,,,,0,0,,,,,,1
189,0022300061,280,2,1,2,8:25 PM,2:59,MISS Porter Jr. 26' 3PT Jump Shot,,,,,4,1629008,Michael Porter Jr.,1610612743.0,Denver,Nuggets,DEN,0,0,,,,,,0,0,,,,,,1
190,0022300061,281,4,0,2,8:25 PM,2:55,,,Prince REBOUND (Off:1 Def:2),,,5,1627752,Taurean Prince,1610612747.0,Los Angeles,Lakers,LAL,0,0,,,,,,0,0,,,,,,1
191,0022300061,282,1,75,2,8:25 PM,2:46,,,Davis 3' Driving Finger Roll Layup (17 PTS),48 - 56,8,5,203076,Anthony Davis,1610612747.0,Los Angeles,Lakers,LAL,0,0,,,,,,0,0,,,,,,1
192,0022300061,284,2,6,2,8:25 PM,2:36,MISS Porter Jr. 3' Driving Layup,,,,,4,1629008,Michael Porter Jr.,1610612743.0,Denver,Nuggets,DEN,0,0,,,,,,0,0,,,,,,1
193,0022300061,286,1,97,2,8:25 PM,2:33,Porter Jr. Tip Layup Shot (7 PTS),,,48 - 58,10,4,1629008,Michael Porter Jr.,1610612743.0,Denver,Nuggets,DEN,0,0,,,,,,0,0,,,,,,1
194,0022300061,285,4,0,2,8:25 PM,2:33,Porter Jr. REBOUND (Off:1 Def:3),,,,,4,1629008,Michael Porter Jr.,1610612743.0,Denver,Nuggets,DEN,0,0,,,,,,0,0,,,,,,1
195,0022300061,287,2,79,2,8:26 PM,2:17,,,MISS Prince 25' 3PT Pullup Jump Shot,,,5,1627752,Taurean Prince,1610612747.0,Los Angeles,Lakers,LAL,0,0,,,,,,0,0,,,,,,1
196,0022300061,288,4,0,2,8:26 PM,2:15,,,Reaves REBOUND (Off:2 Def:3),,,5,1630559,Austin Reaves,1610612747.0,Los Angeles,Lakers,LAL,0,0,,,,,,0,0,,,,,,1
197,0022300061,289,5,1,2,8:26 PM,2:14,Porter Jr. STEAL (1 STL),,Reaves Bad Pass Turnover (P1.T5),,,5,1630559,Austin Reaves,1610612747.0,Los Angeles,Lakers,LAL,4,1629008,Michael Porter Jr.,1610612743.0,Denver,Nuggets,DEN,0,0,,,,,,1
198,0022300061,291,1,76,2,8:26 PM,2:07,Murray 4' Running Finger Roll Layup (7 PTS) (Porter Jr. 1 AST),,,48 - 60,12,4,1627750,Jamal Murray,1610612743.0,Denver,Nuggets,DEN,4,1629008,Michael Porter Jr.,1610612743.0,Denver,Nuggets,DEN,0,0,,,,,,1
199,0022300061,292,6,2,2,8:26 PM,2:07,,,Davis S.FOUL (P3.PN) (J.Williams),,,5,203076,Anthony Davis,1610612747.0,Los Angeles,Lakers,LAL,4,1627750,Jamal Murray,1610612743.0,Denver,Nuggets,DEN,1,0,,,,,,1
200,0022300061,295,9,1,2,8:26 PM,2:07,,,Lakers Timeout: Regular (Reg.2 Short 0),,,3,1610612747,,,,,,0,0,,,,,,0,0,,,,,,0
201,0022300061,296,8,0,2,8:29 PM,2:07,,,SUB: James FOR Davis,,,5,203076,Anthony Davis,1610612747.0,Los Angeles,Lakers,LAL,5,2544,LeBron James,1610612747.0,Los Angeles,Lakers,LAL,0,0,,,,,,0
202,0022300061,298,7,3,2,8:30 PM,2:07,,,Lane,,,5,1629060,Rui Hachimura,1610612747.0,Los Angeles,Lakers,LAL,0,0,,,,,,0,0,,,,,,0
203,0022300061,299,3,10,2,8:30 PM,2:07,Murray Free Throw 1 of 1 (8 PTS),,,48 - 61,13,4,1627750,Jamal Murray,1610612743.0,Denver,Nuggets,DEN,0,0,,,,,,0,0,,,,,,1
204,0022300061,300,2,63,2,8:31 PM,1:54,,,MISS James 11' Fadeaway Jumper,,,5,2544,LeBron James,1610612747.0,Los Angeles,Lakers,LAL,0,0,,,,,,0,0,,,,,,1
205,0022300061,301,4,0,2,8:31 PM,1:52,,,Hachimura REBOUND (Off:2 Def:0),,,5,1629060,Rui Hachimura,1610612747.0,Los Angeles,Lakers,LAL,0,0,,,,,,0,0,,,,,,1
206,0022300061,302,2,72,2,8:31 PM,1:50,Gordon BLOCK (1 BLK),,MISS Hachimura 2' Putback Layup,,,5,1629060,Rui Hachimura,1610612747.0,Los Angeles,Lakers,LAL,0,0,,,,,,4,203932,Aaron Gordon,1610612743.0,Denver,Nuggets,DEN,1
207,0022300061,304,4,0,2,8:31 PM,1:48,,,Reaves REBOUND (Off:3 Def:3),,,5,1630559,Austin Reaves,1610612747.0,Los Angeles,Lakers,LAL,0,0,,,,,,0,0,,,,,,1
208,0022300061,305,2,6,2,8:31 PM,1:42,,,MISS Hachimura 3' Driving Layup,,,5,1629060,Rui Hachimura,1610612747.0,Los Angeles,Lakers,LAL,0,0,,,,,,0,0,,,,,,1
209,0022300061,306,4,0,2,8:31 PM,1:40,Jokic REBOUND (Off:2 Def:6),,,,,4,203999,Nikola Jokić,1610612743.0,Denver,Nuggets,DEN,0,0,,,,,,0,0,,,,,,1
210,0022300061,307,2,1,2,8:31 PM,1:25,MISS Jokic 6' Jump Shot,,,,,4,203999,Nikola Jokić,1610612743.0,Denver,Nuggets,DEN,0,0,,,,,,0,0,,,,,,1
211,0022300061,308,4,0,2,8:31 PM,1:22,,,James REBOUND (Off:0 Def:4),,,5,2544,LeBron James,1610612747.0,Los Angeles,Lakers,LAL,0,0,,,,,,0,0,,,,,,1
212,0022300061,309,2,6,2,8:31 PM,1:16,Murray BLOCK (1 BLK),,MISS Reaves 5' Driving Layup,,,5,1630559,Austin Reaves,1610612747.0,Los Angeles,Lakers,LAL,0,0,,,,,,4,1627750,Jamal Murray,1610612743.0,Denver,Nuggets,DEN,1
213,0022300061,311,4,0,2,8:31 PM,1:14,Porter Jr. REBOUND (Off:1 Def:4),,,,,4,1629008,Michael Porter Jr.,1610612743.0,Denver,Nuggets,DEN,0,0,,,,,,0,0,,,,,,1
214,0022300061,312,1,41,2,8:31 PM,1:12,Caldwell-Pope 3' Running Layup (9 PTS) (Porter Jr. 2 AST),,,48 - 63,15,4,203484,Kentavious Caldwell-Pope,1610612743.0,Denver,Nuggets,DEN,4,1629008,Michael Porter Jr.,1610612743.0,Denver,Nuggets,DEN,0,0,,,,,,1
215,0022300061,314,1,98,2,8:32 PM,0:58,,,Hachimura 3' Cutting Layup Shot (2 PTS) (Russell 5 AST),50 - 63,13,5,1629060,Rui Hachimura,1610612747.0,Los Angeles,Lakers,LAL,5,1626156,D'Angelo Russell,1610612747.0,Los Angeles,Lakers,LAL,0,0,,,,,,1
216,0022300061,317,2,63,2,8:32 PM,0:46,MISS Jokic 4' Fadeaway Jumper,,,,,4,203999,Nikola Jokić,1610612743.0,Denver,Nuggets,DEN,0,0,,,,,,0,0,,,,,,1
217,0022300061,318,4,0,2,8:32 PM,0:44,,,James REBOUND (Off:0 Def:5),,,5,2544,LeBron James,1610612747.0,Los Angeles,Lakers,LAL,0,0,,,,,,0,0,,,,,,1
218,0022300061,319,1,41,2,8:32 PM,0:40,,,James 4' Running Layup (10 PTS),52 - 63,11,5,2544,LeBron James,1610612747.0,Los Angeles,Lakers,LAL,0,0,,,,,,0,0,,,,,,1
219,0022300061,320,2,6,2,8:32 PM,0:31,MISS Caldwell-Pope 5' Driving Layup,,,,,4,203484,Kentavious Caldwell-Pope,1610612743.0,Denver,Nuggets,DEN,0,0,,,,,,0,0,,,,,,1
220,0022300061,321,4,0,2,8:32 PM,0:30,Jokic REBOUND (Off:3 Def:6),,,,,4,203999,Nikola Jokić,1610612743.0,Denver,Nuggets,DEN,0,0,,,,,,0,0,,,,,,1
221,0022300061,322,2,72,2,8:32 PM,0:29,MISS Jokic 5' Putback Layup,,,,,4,203999,Nikola Jokić,1610612743.0,Denver,Nuggets,DEN,0,0,,,,,,0,0,,,,,,1
222,0022300061,323,4,0,2,8:33 PM,0:27,,,Reaves REBOUND (Off:3 Def:4),,,5,1630559,Austin Reaves,1610612747.0,Los Angeles,Lakers,LAL,0,0,,,,,,0,0,,,,,,1
223,0022300061,324,1,41,2,8:33 PM,0:24,,,Russell 2' Running Layup (4 PTS) (Reaves 2 AST),54 - 63,9,5,1626156,D'Angelo Russell,1610612747.0,Los Angeles,Lakers,LAL,5,1630559,Austin Reaves,1610612747.0,Los Angeles,Lakers,LAL,0,0,,,,,,1
224,0022300061,326,2,101,2,8:33 PM,0:04,MISS Gordon 9' Driving Floating Jump Shot,,,,,4,203932,Aaron Gordon,1610612743.0,Denver,Nuggets,DEN,0,0,,,,,,0,0,,,,,,1
225,0022300061,327,4,0,2,8:33 PM,0:02,,,Hachimura REBOUND (Off:2 Def:1),,,5,1629060,Rui Hachimura,1610612747.0,Los Angeles,Lakers,LAL,0,0,,,,,,0,0,,,,,,1
226,0022300061,328,13,0,2,8:34 PM,0:00,,End of 2nd Period (8:34 PM EST),,54 - 63,9,0,0,,,,,,0,0,,,,,,0,0,,,,,,1
227,0022300061,331,12,0,3,8:50 PM,12:00,,Start of 3rd Period (8:50 PM EST),,54 - 63,9,0,0,,,,,,0,0,,,,,,0,0,,,,,,0
228,0022300061,332,5,1,3,8:50 PM,11:51,Murray Bad Pass Turnover (P1.T6),,Reaves STEAL (2 STL),,,4,1627750,Jamal Murray,1610612743.0,Denver,Nuggets,DEN,5,1630559,Austin Reaves,1610612747.0,Los Angeles,Lakers,LAL,0,0,,,,,,1
229,0022300061,334,1,50,3,8:50 PM,11:46,,,Reaves Running Dunk (8 PTS),56 - 63,7,5,1630559,Austin Reaves,1610612747.0,Los Angeles,Lakers,LAL,0,0,,,,,,0,0,,,,,,1
230,0022300061,335,2,1,3,8:51 PM,11:26,MISS Gordon 3PT Jump Shot,,,,,4,203932,Aaron Gordon,1610612743.0,Denver,Nuggets,DEN,0,0,,,,,,0,0,,,,,,1
231,0022300061,336,4,0,3,8:51 PM,11:25,,,Russell REBOUND (Off:0 Def:3),,,5,1626156,D'Angelo Russell,1610612747.0,Los Angeles,Lakers,LAL,0,0,,,,,,0,0,,,,,,1
232,0022300061,337,2,102,3,8:51 PM,11:18,,,MISS Russell 5' Driving Floating Bank Jump Shot,,,5,1626156,D'Angelo Russell,1610612747.0,Los Angeles,Lakers,LAL,0,0,,,,,,0,0,,,,,,1
233,0022300061,338,4,0,3,8:51 PM,11:16,Jokic REBOUND (Off:3 Def:7),,,,,4,203999,Nikola Jokić,1610612743.0,Denver,Nuggets,DEN,0,0,,,,,,0,0,,,,,,1
234,0022300061,339,2,1,3,8:51 PM,11:09,MISS Porter Jr. 24' 3PT Jump Shot,,,,,4,1629008,Michael Porter Jr.,1610612743.0,Denver,Nuggets,DEN,0,0,,,,,,0,0,,,,,,1
235,0022300061,340,4,0,3,8:51 PM,11:05,,,James REBOUND (Off:0 Def:6),,,5,2544,LeBron James,1610612747.0,Los Angeles,Lakers,LAL,0,0,,,,,,0,0,,,,,,1
236,0022300061,341,1,41,3,8:51 PM,11:03,,,Prince 4' Running Layup (10 PTS) (James 3 AST),58 - 63,5,5,1627752,Taurean Prince,1610612747.0,Los Angeles,Lakers,LAL,5,2544,LeBron James,1610612747.0,Los Angeles,Lakers,LAL,0,0,,,,,,1
237,0022300061,343,9,1,3,8:51 PM,11:03,NUGGETS Timeout: Regular (Full 3 Short 0),,,,,2,1610612743,,,,,,0,0,,,,,,0,0,,,,,,0
238,0022300061,344,1,98,3,8:55 PM,10:50,Murray 4' Cutting Layup Shot (10 PTS) (Jokic 3 AST),,,58 - 65,7,4,1627750,Jamal Murray,1610612743.0,Denver,Nuggets,DEN,4,203999,Nikola Jokić,1610612743.0,Denver,Nuggets,DEN,0,0,,,,,,0
239,0022300061,346,6,2,3,8:55 PM,10:50,,,James S.FOUL (P1.T1) (S.Twardoski),,,5,2544,LeBron James,1610612747.0,Los Angeles,Lakers,LAL,4,1627750,Jamal Murray,1610612743.0,Denver,Nuggets,DEN,1,0,,,,,,0
240,0022300061,348,3,10,3,8:55 PM,10:50,Murray Free Throw 1 of 1 (11 PTS),,,58 - 66,8,4,1627750,Jamal Murray,1610612743.0,Denver,Nuggets,DEN,0,0,,,,,,0,0,,,,,,1
241,0022300061,349,2,6,3,8:55 PM,10:37,,,MISS Russell 4' Driving Layup,,,5,1626156,D'Angelo Russell,1610612747.0,Los Angeles,Lakers,LAL,0,0,,,,,,0,0,,,,,,1
242,0022300061,350,4,0,3,8:55 PM,10:36,Jokic REBOUND (Off:3 Def:8),,,,,4,203999,Nikola Jokić,1610612743.0,Denver,Nuggets,DEN,0,0,,,,,,0,0,,,,,,1
243,0022300061,351,1,5,3,8:56 PM,10:26,Gordon 3' Layup (6 PTS) (Jokic 4 AST),,,58 - 68,10,4,203932,Aaron Gordon,1610612743.0,Denver,Nuggets,DEN,4,203999,Nikola Jokić,1610612743.0,Denver,Nuggets,DEN,0,0,,,,,,1
244,0022300061,353,2,75,3,8:56 PM,10:12,,,MISS Davis 4' Driving Finger Roll Layup,,,5,203076,Anthony Davis,1610612747.0,Los Angeles,Lakers,LAL,0,0,,,,,,0,0,,,,,,1
245,0022300061,354,4,0,3,8:56 PM,10:11,,,Reaves REBOUND (Off:4 Def:4),,,5,1630559,Austin Reaves,1610612747.0,Los Angeles,Lakers,LAL,0,0,,,,,,0,0,,,,,,1
246,0022300061,355,2,1,3,8:56 PM,10:10,,,MISS Reaves 15' Jump Shot,,,5,1630559,Austin Reaves,1610612747.0,Los Angeles,Lakers,LAL,0,0,,,,,,0,0,,,,,,1
247,0022300061,356,4,0,3,8:56 PM,10:07,Porter Jr. REBOUND (Off:1 Def:5),,,,,4,1629008,Michael Porter Jr.,1610612743.0,Denver,Nuggets,DEN,0,0,,,,,,0,0,,,,,,1
248,0022300061,358,1,63,3,8:57 PM,9:48,Murray 11' Fadeaway Jumper (13 PTS) (Jokic 5 AST),,,58 - 70,12,4,1627750,Jamal Murray,1610612743.0,Denver,Nuggets,DEN,4,203999,Nikola Jokić,1610612743.0,Denver,Nuggets,DEN,0,0,,,,,,1
249,0022300061,360,1,80,3,8:57 PM,9:34,,,Prince 26' 3PT Step Back Jump Shot (13 PTS) (Davis 2 AST),61 - 70,9,5,1627752,Taurean Prince,1610612747.0,Los Angeles,Lakers,LAL,5,203076,Anthony Davis,1610612747.0,Los Angeles,Lakers,LAL,0,0,,,,,,1
250,0022300061,362,2,1,3,8:57 PM,9:12,MISS Porter Jr. 26' 3PT Jump Shot,,,,,4,1629008,Michael Porter Jr.,1610612743.0,Denver,Nuggets,DEN,0,0,,,,,,0,0,,,,,,1
251,0022300061,363,4,0,3,8:57 PM,9:10,,,Davis REBOUND (Off:0 Def:2),,,5,203076,Anthony Davis,1610612747.0,Los Angeles,Lakers,LAL,0,0,,,,,,0,0,,,,,,1
252,0022300061,365,6,2,3,8:58 PM,9:00,Caldwell-Pope S.FOUL (P2.T1) (J.Williams),,,,,4,203484,Kentavious Caldwell-Pope,1610612743.0,Denver,Nuggets,DEN,5,1626156,D'Angelo Russell,1610612747.0,Los Angeles,Lakers,LAL,1,0,,,,,,1
253,0022300061,367,3,11,3,8:58 PM,9:00,,,Russell Free Throw 1 of 2 (5 PTS),62 - 70,8,5,1626156,D'Angelo Russell,1610612747.0,Los Angeles,Lakers,LAL,0,0,,,,,,0,0,,,,,,1
254,0022300061,368,3,12,3,8:58 PM,9:00,,,MISS Russell Free Throw 2 of 2,,,5,1626156,D'Angelo Russell,1610612747.0,Los Angeles,Lakers,LAL,0,0,,,,,,0,0,,,,,,1
255,0022300061,369,4,0,3,8:58 PM,8:58,Gordon REBOUND (Off:1 Def:4),,,,,4,203932,Aaron Gordon,1610612743.0,Denver,Nuggets,DEN,0,0,,,,,,0,0,,,,,,1
256,0022300061,370,2,63,3,8:58 PM,8:36,MISS Jokic 20' Fadeaway Jumper,,,,,4,203999,Nikola Jokić,1610612743.0,Denver,Nuggets,DEN,0,0,,,,,,0,0,,,,,,1
257,0022300061,371,4,0,3,8:58 PM,8:36,NUGGETS Rebound,,,,,2,1610612743,,,,,,0,0,,,,,,0,0,,,,,,0
258,0022300061,372,5,11,3,8:59 PM,8:36,NUGGETS Turnover: Shot Clock (T#7),,,,,2,1610612743,,,,,,0,0,,,,,,1,0,,,,,,1
259,0022300061,373,6,2,3,8:59 PM,8:26,Porter Jr. S.FOUL (P1.T2) (K.Cutler),,,,,4,1629008,Michael Porter Jr.,1610612743.0,Denver,Nuggets,DEN,5,1627752,Taurean Prince,1610612747.0,Los Angeles,Lakers,LAL,1,0,,,,,,1
260,0022300061,375,3,11,3,8:59 PM,8:26,,,Prince Free Throw 1 of 2 (14 PTS),63 - 70,7,5,1627752,Taurean Prince,1610612747.0,Los Angeles,Lakers,LAL,0,0,,,,,,0,0,,,,,,1
261,0022300061,376,3,12,3,9:00 PM,8:26,,,Prince Free Throw 2 of 2 (15 PTS),64 - 70,6,5,1627752,Taurean Prince,1610612747.0,Los Angeles,Lakers,LAL,0,0,,,,,,0,0,,,,,,1
262,0022300061,377,2,5,3,9:00 PM,8:09,MISS Murray 5' Layup,,Davis BLOCK (2 BLK),,,4,1627750,Jamal Murray,1610612743.0,Denver,Nuggets,DEN,0,0,,,,,,5,203076,Anthony Davis,1610612747.0,Los Angeles,Lakers,LAL,1
263,0022300061,379,4,0,3,9:00 PM,8:09,NUGGETS Rebound,,,,,2,1610612743,,,,,,0,0,,,,,,0,0,,,,,,0
264,0022300061,381,2,1,3,9:01 PM,8:06,MISS Jokic 27' 3PT Jump Shot,,,,,4,203999,Nikola Jokić,1610612743.0,Denver,Nuggets,DEN,0,0,,,,,,0,0,,,,,,1
265,0022300061,382,4,0,3,9:01 PM,8:02,Caldwell-Pope REBOUND (Off:1 Def:0),,,,,4,203484,Kentavious Caldwell-Pope,1610612743.0,Denver,Nuggets,DEN,0,0,,,,,,0,0,,,,,,1
266,0022300061,383,1,63,3,9:01 PM,8:00,Murray 3PT Fadeaway Jumper (16 PTS) (Caldwell-Pope 1 AST),,,64 - 73,9,4,1627750,Jamal Murray,1610612743.0,Denver,Nuggets,DEN,4,203484,Kentavious Caldwell-Pope,1610612743.0,Denver,Nuggets,DEN,0,0,,,,,,1
267,0022300061,385,1,1,3,9:01 PM,7:41,,,Russell 26' 3PT Jump Shot (8 PTS) (Reaves 3 AST),67 - 73,6,5,1626156,D'Angelo Russell,1610612747.0,Los Angeles,Lakers,LAL,5,1630559,Austin Reaves,1610612747.0,Los Angeles,Lakers,LAL,0,0,,,,,,1
268,0022300061,387,2,80,3,9:01 PM,7:24,MISS Murray 17' Step Back Jump Shot,,,,,4,1627750,Jamal Murray,1610612743.0,Denver,Nuggets,DEN,0,0,,,,,,0,0,,,,,,1
269,0022300061,388,4,0,3,9:01 PM,7:22,,,Davis REBOUND (Off:0 Def:3),,,5,203076,Anthony Davis,1610612747.0,Los Angeles,Lakers,LAL,0,0,,,,,,0,0,,,,,,1
270,0022300061,389,2,6,3,9:01 PM,7:15,,,MISS Davis 5' Driving Layup,,,5,203076,Anthony Davis,1610612747.0,Los Angeles,Lakers,LAL,0,0,,,,,,0,0,,,,,,1
271,0022300061,390,4,0,3,9:01 PM,7:13,,,James REBOUND (Off:1 Def:6),,,5,2544,LeBron James,1610612747.0,Los Angeles,Lakers,LAL,0,0,,,,,,0,0,,,,,,1
272,0022300061,391,2,6,3,9:02 PM,7:10,,,MISS Reaves 4' Driving Layup,,,5,1630559,Austin Reaves,1610612747.0,Los Angeles,Lakers,LAL,0,0,,,,,,0,0,,,,,,1
273,0022300061,392,4,0,3,9:02 PM,7:09,Porter Jr. REBOUND (Off:1 Def:6),,,,,4,1629008,Michael Porter Jr.,1610612743.0,Denver,Nuggets,DEN,0,0,,,,,,0,0,,,,,,1
274,0022300061,393,1,106,3,9:02 PM,7:05,Gordon 1' Running Alley Oop Dunk Shot (8 PTS) (Murray 4 AST),,,67 - 75,8,4,203932,Aaron Gordon,1610612743.0,Denver,Nuggets,DEN,4,1627750,Jamal Murray,1610612743.0,Denver,Nuggets,DEN,0,0,,,,,,1
275,0022300061,395,6,1,3,9:02 PM,6:44,Murray P.FOUL (P1.T3) (J.Williams),,,,,4,1627750,Jamal Murray,1610612743.0,Denver,Nuggets,DEN,5,1626156,D'Angelo Russell,1610612747.0,Los Angeles,Lakers,LAL,1,0,,,,,,1
276,0022300061,397,8,0,3,9:02 PM,6:44,,,SUB: Hachimura FOR Russell,,,5,1626156,D'Angelo Russell,1610612747.0,Los Angeles,Lakers,LAL,5,1629060,Rui Hachimura,1610612747.0,Los Angeles,Lakers,LAL,0,0,,,,,,0
277,0022300061,398,8,0,3,9:02 PM,6:44,,,SUB: Vincent FOR James,,,5,2544,LeBron James,1610612747.0,Los Angeles,Lakers,LAL,5,1629216,Gabe Vincent,1610612747.0,Los Angeles,Lakers,LAL,0,0,,,,,,0
278,0022300061,402,2,6,3,9:04 PM,6:37,,,MISS Hachimura 3' Driving Layup,,,5,1629060,Rui Hachimura,1610612747.0,Los Angeles,Lakers,LAL,0,0,,,,,,0,0,,,,,,1
279,0022300061,403,4,0,3,9:04 PM,6:37,,,Lakers Rebound,,,3,1610612747,,,,,,0,0,,,,,,0,0,,,,,,0
280,0022300061,405,2,1,3,9:04 PM,6:33,,,MISS Davis 20' Jump Shot,,,5,203076,Anthony Davis,1610612747.0,Los Angeles,Lakers,LAL,0,0,,,,,,0,0,,,,,,1
281,0022300061,406,4,0,3,9:04 PM,6:30,,,Vincent REBOUND (Off:1 Def:0),,,5,1629216,Gabe Vincent,1610612747.0,Los Angeles,Lakers,LAL,0,0,,,,,,0,0,,,,,,1
282,0022300061,407,2,1,3,9:04 PM,6:22,,,MISS Hachimura 27' 3PT Jump Shot,,,5,1629060,Rui Hachimura,1610612747.0,Los Angeles,Lakers,LAL,0,0,,,,,,0,0,,,,,,1
283,0022300061,408,4,0,3,9:04 PM,6:18,Porter Jr. REBOUND (Off:1 Def:7),,,,,4,1629008,Michael Porter Jr.,1610612743.0,Denver,Nuggets,DEN,0,0,,,,,,0,0,,,,,,1
284,0022300061,409,2,1,3,9:04 PM,6:06,MISS Porter Jr. 25' 3PT Jump Shot,,,,,4,1629008,Michael Porter Jr.,1610612743.0,Denver,Nuggets,DEN,0,0,,,,,,0,0,,,,,,1
285,0022300061,410,4,0,3,9:04 PM,6:03,,,Davis REBOUND (Off:0 Def:4),,,5,203076,Anthony Davis,1610612747.0,Los Angeles,Lakers,LAL,0,0,,,,,,0,0,,,,,,1
286,0022300061,612,2,6,3,9:04 PM,5:56,Caldwell-Pope BLOCK (1 BLK),,MISS Davis 3' Driving Layup,,,5,203076,Anthony Davis,1610612747.0,Los Angeles,Lakers,LAL,0,0,,,,,,4,203484,Kentavious Caldwell-Pope,1610612743.0,Denver,Nuggets,DEN,1
287,0022300061,614,4,0,3,9:04 PM,5:56,,,Davis REBOUND (Off:1 Def:4),,,5,203076,Anthony Davis,1610612747.0,Los Angeles,Lakers,LAL,0,0,,,,,,0,0,,,,,,1
288,0022300061,414,1,43,3,9:05 PM,5:54,,,Hachimura Alley Oop Layup (4 PTS) (Davis 3 AST),69 - 75,6,5,1629060,Rui Hachimura,1610612747.0,Los Angeles,Lakers,LAL,5,203076,Anthony Davis,1610612747.0,Los Angeles,Lakers,LAL,0,0,,,,,,1
289,0022300061,415,1,1,3,9:05 PM,5:38,Caldwell-Pope 26' 3PT Jump Shot (12 PTS) (Murray 5 AST),,,69 - 78,9,4,203484,Kentavious Caldwell-Pope,1610612743.0,Denver,Nuggets,DEN,4,1627750,Jamal Murray,1610612743.0,Denver,Nuggets,DEN,0,0,,,,,,1
290,0022300061,417,2,78,3,9:05 PM,5:09,,,MISS Hachimura 40' 3PT Floating Jump Shot,,,5,1629060,Rui Hachimura,1610612747.0,Los Angeles,Lakers,LAL,0,0,,,,,,0,0,,,,,,1
291,0022300061,418,4,0,3,9:05 PM,5:09,,,Lakers Rebound,,,3,1610612747,,,,,,0,0,,,,,,0,0,,,,,,0
292,0022300061,419,5,11,3,9:05 PM,5:09,,,Lakers Turnover: Shot Clock (T#6),,,3,1610612747,,,,,,0,0,,,,,,1,0,,,,,,1
293,0022300061,420,8,0,3,9:05 PM,5:09,SUB: Jackson FOR Porter Jr.,,,,,4,1629008,Michael Porter Jr.,1610612743.0,Denver,Nuggets,DEN,4,202704,Reggie Jackson,1610612743.0,Denver,Nuggets,DEN,0,0,,,,,,0
294,0022300061,421,8,0,3,9:05 PM,5:09,SUB: Braun FOR Murray,,,,,4,1627750,Jamal Murray,1610612743.0,Denver,Nuggets,DEN,4,1631128,Christian Braun,1610612743.0,Denver,Nuggets,DEN,0,0,,,,,,0
295,0022300061,424,1,5,3,9:06 PM,4:52,Gordon 3' Layup (10 PTS),,,69 - 80,11,4,203932,Aaron Gordon,1610612743.0,Denver,Nuggets,DEN,0,0,,,,,,0,0,,,,,,1
296,0022300061,425,9,1,3,9:06 PM,4:52,,,Lakers Timeout: Regular (Reg.3 Short 0),,,3,1610612747,,,,,,0,0,,,,,,0,0,,,,,,0
297,0022300061,427,8,0,3,9:09 PM,4:52,,,SUB: Reddish FOR Prince,,,5,1627752,Taurean Prince,1610612747.0,Los Angeles,Lakers,LAL,5,1629629,Cam Reddish,1610612747.0,Los Angeles,Lakers,LAL,0,0,,,,,,0
298,0022300061,429,2,1,3,9:10 PM,4:38,,,MISS Vincent 27' 3PT Jump Shot,,,5,1629216,Gabe Vincent,1610612747.0,Los Angeles,Lakers,LAL,0,0,,,,,,0,0,,,,,,1
299,0022300061,430,4,0,3,9:10 PM,4:35,Jokic REBOUND (Off:3 Def:9),,,,,4,203999,Nikola Jokić,1610612743.0,Denver,Nuggets,DEN,0,0,,,,,,0,0,,,,,,1
300,0022300061,431,6,26,3,9:10 PM,4:28,Caldwell-Pope Offensive Charge Foul (P3) (S.Twardoski),,,,,4,203484,Kentavious Caldwell-Pope,1610612743.0,Denver,Nuggets,DEN,5,1630559,Austin Reaves,1610612747.0,Los Angeles,Lakers,LAL,1,0,,,,,,1
301,0022300061,433,5,37,3,9:10 PM,4:28,Caldwell-Pope Offensive Foul Turnover (P2.T8),,,,,4,203484,Kentavious Caldwell-Pope,1610612743.0,Denver,Nuggets,DEN,0,0,,,,,,1,0,,,,,,1
302,0022300061,434,5,1,3,9:11 PM,4:15,Caldwell-Pope STEAL (1 STL),,Vincent Bad Pass Turnover (P1.T7),,,5,1629216,Gabe Vincent,1610612747.0,Los Angeles,Lakers,LAL,4,203484,Kentavious Caldwell-Pope,1610612743.0,Denver,Nuggets,DEN,0,0,,,,,,1
303,0022300061,436,2,58,3,9:11 PM,4:01,MISS Jokic 2' Turnaround Hook Shot,,,,,4,203999,Nikola Jokić,1610612743.0,Denver,Nuggets,DEN,0,0,,,,,,0,0,,,,,,1
304,0022300061,437,4,0,3,9:11 PM,3:58,,,Davis REBOUND (Off:1 Def:5),,,5,203076,Anthony Davis,1610612747.0,Los Angeles,Lakers,LAL,0,0,,,,,,0,0,,,,,,1
305,0022300061,439,2,101,3,9:11 PM,3:55,,,MISS Davis 5' Driving Floating Jump Shot,,,5,203076,Anthony Davis,1610612747.0,Los Angeles,Lakers,LAL,0,0,,,,,,0,0,,,,,,1
306,0022300061,440,4,0,3,9:11 PM,3:55,Jokic REBOUND (Off:3 Def:10),,,,,4,203999,Nikola Jokić,1610612743.0,Denver,Nuggets,DEN,0,0,,,,,,0,0,,,,,,1
307,0022300061,561,8,0,3,9:11 PM,3:55,SUB: Watson FOR Gordon,,,,,4,203932,Aaron Gordon,1610612743.0,Denver,Nuggets,DEN,4,1631212,Peyton Watson,1610612743.0,Denver,Nuggets,DEN,0,0,,,,,,0
308,0022300061,562,8,0,3,9:11 PM,3:55,,,SUB: Russell FOR Reaves,,,5,1630559,Austin Reaves,1610612747.0,Los Angeles,Lakers,LAL,5,1626156,D'Angelo Russell,1610612747.0,Los Angeles,Lakers,LAL,0,0,,,,,,0
309,0022300061,459,6,1,3,9:12 PM,3:55,,,Hachimura P.FOUL (P2.T2) (K.Cutler),,,5,1629060,Rui Hachimura,1610612747.0,Los Angeles,Lakers,LAL,4,203999,Nikola Jokić,1610612743.0,Denver,Nuggets,DEN,1,0,,,,,,0
310,0022300061,445,2,83,3,9:12 PM,3:31,MISS Jackson 25' 3PT Fadeaway Bank Shot,,,,,4,202704,Reggie Jackson,1610612743.0,Denver,Nuggets,DEN,0,0,,,,,,0,0,,,,,,1
311,0022300061,446,4,0,3,9:12 PM,3:27,,,Davis REBOUND (Off:1 Def:6),,,5,203076,Anthony Davis,1610612747.0,Los Angeles,Lakers,LAL,0,0,,,,,,0,0,,,,,,1
312,0022300061,447,5,1,3,9:12 PM,3:17,Caldwell-Pope STEAL (2 STL),,Vincent Bad Pass Turnover (P2.T8),,,5,1629216,Gabe Vincent,1610612747.0,Los Angeles,Lakers,LAL,4,203484,Kentavious Caldwell-Pope,1610612743.0,Denver,Nuggets,DEN,0,0,,,,,,1
313,0022300061,449,1,50,3,9:12 PM,3:14,Caldwell-Pope 1' Running Dunk (14 PTS),,,69 - 82,13,4,203484,Kentavious Caldwell-Pope,1610612743.0,Denver,Nuggets,DEN,0,0,,,,,,0,0,,,,,,1
314,0022300061,450,1,80,3,9:12 PM,3:02,,,Vincent 24' Step Back Jump Shot (2 PTS),71 - 82,11,5,1629216,Gabe Vincent,1610612747.0,Los Angeles,Lakers,LAL,0,0,,,,,,0,0,,,,,,1
315,0022300061,451,1,1,3,9:12 PM,2:51,Jokic 25' 3PT Jump Shot (22 PTS),,,71 - 85,14,4,203999,Nikola Jokić,1610612743.0,Denver,Nuggets,DEN,0,0,,,,,,0,0,,,,,,1
316,0022300061,452,2,80,3,9:13 PM,2:37,,,MISS Vincent 25' 3PT Step Back Jump Shot,,,5,1629216,Gabe Vincent,1610612747.0,Los Angeles,Lakers,LAL,0,0,,,,,,0,0,,,,,,1
317,0022300061,453,4,0,3,9:13 PM,2:37,Braun REBOUND (Off:0 Def:2),,,,,4,1631128,Christian Braun,1610612743.0,Denver,Nuggets,DEN,0,0,,,,,,0,0,,,,,,1
318,0022300061,454,1,80,3,9:13 PM,2:21,Caldwell-Pope 19' Step Back Jump Shot (16 PTS) (Jokic 6 AST),,,71 - 87,16,4,203484,Kentavious Caldwell-Pope,1610612743.0,Denver,Nuggets,DEN,4,203999,Nikola Jokić,1610612743.0,Denver,Nuggets,DEN,0,0,,,,,,1
319,0022300061,462,1,86,3,9:13 PM,1:58,,,Vincent 8' Turnaround Fadeaway (4 PTS),73 - 87,14,5,1629216,Gabe Vincent,1610612747.0,Los Angeles,Lakers,LAL,0,0,,,,,,0,0,,,,,,1
320,0022300061,463,5,2,3,9:14 PM,1:43,Caldwell-Pope Lost Ball Turnover (P3.T9),,Vincent STEAL (1 STL),,,4,203484,Kentavious Caldwell-Pope,1610612743.0,Denver,Nuggets,DEN,5,1629216,Gabe Vincent,1610612747.0,Los Angeles,Lakers,LAL,0,0,,,,,,1
321,0022300061,465,1,50,3,9:14 PM,1:38,,,Hachimura 2' Running Dunk (6 PTS) (Russell 6 AST),75 - 87,12,5,1629060,Rui Hachimura,1610612747.0,Los Angeles,Lakers,LAL,5,1626156,D'Angelo Russell,1610612747.0,Los Angeles,Lakers,LAL,0,0,,,,,,1
322,0022300061,467,9,1,3,9:14 PM,1:38,NUGGETS Timeout: Regular (Full 4 Short 0),,,,,2,1610612743,,,,,,0,0,,,,,,0,0,,,,,,0
323,0022300061,468,8,0,3,9:15 PM,1:38,SUB: Nnaji FOR Caldwell-Pope,,,,,4,203484,Kentavious Caldwell-Pope,1610612743.0,Denver,Nuggets,DEN,4,1630192,Zeke Nnaji,1610612743.0,Denver,Nuggets,DEN,0,0,,,,,,0
324,0022300061,469,8,0,3,9:15 PM,1:38,SUB: Murray FOR Jokic,,,,,4,203999,Nikola Jokić,1610612743.0,Denver,Nuggets,DEN,4,1627750,Jamal Murray,1610612743.0,Denver,Nuggets,DEN,0,0,,,,,,0
325,0022300061,470,8,0,3,9:15 PM,1:38,,,SUB: James FOR Davis,,,5,203076,Anthony Davis,1610612747.0,Los Angeles,Lakers,LAL,5,2544,LeBron James,1610612747.0,Los Angeles,Lakers,LAL,0,0,,,,,,0
326,0022300061,471,8,0,3,9:15 PM,1:38,,,SUB: Wood FOR Hachimura,,,5,1629060,Rui Hachimura,1610612747.0,Los Angeles,Lakers,LAL,5,1626174,Christian Wood,1610612747.0,Los Angeles,Lakers,LAL,0,0,,,,,,0
327,0022300061,476,6,1,3,9:16 PM,1:20,,,Reddish P.FOUL (P2.T3) (S.Twardoski),,,5,1629629,Cam Reddish,1610612747.0,Los Angeles,Lakers,LAL,4,1630192,Zeke Nnaji,1610612743.0,Denver,Nuggets,DEN,1,0,,,,,,1
328,0022300061,478,6,4,3,9:16 PM,1:14,Nnaji OFF.Foul (P1) (K.Cutler),,,,,4,1630192,Zeke Nnaji,1610612743.0,Denver,Nuggets,DEN,5,1629216,Gabe Vincent,1610612747.0,Los Angeles,Lakers,LAL,1,0,,,,,,1
329,0022300061,480,5,37,3,9:16 PM,1:14,Nnaji Offensive Foul Turnover (P1.T10),,,,,4,1630192,Zeke Nnaji,1610612743.0,Denver,Nuggets,DEN,0,0,,,,,,1,0,,,,,,1
330,0022300061,481,1,9,3,9:17 PM,1:03,,,James 1' Driving Dunk (12 PTS) (Russell 7 AST),77 - 87,10,5,2544,LeBron James,1610612747.0,Los Angeles,Lakers,LAL,5,1626156,D'Angelo Russell,1610612747.0,Los Angeles,Lakers,LAL,0,0,,,,,,1
331,0022300061,483,5,4,3,9:17 PM,0:45,Watson Traveling Turnover (P1.T11),,,,,4,1631212,Peyton Watson,1610612743.0,Denver,Nuggets,DEN,0,0,,,,,,1,0,,,,,,1
332,0022300061,484,1,1,3,9:17 PM,0:31,,,Russell 28' 3PT Jump Shot (11 PTS) (James 4 AST),80 - 87,7,5,1626156,D'Angelo Russell,1610612747.0,Los Angeles,Lakers,LAL,5,2544,LeBron James,1610612747.0,Los Angeles,Lakers,LAL,0,0,,,,,,1
333,0022300061,487,2,1,3,9:18 PM,0:06,MISS Watson 26' 3PT Jump Shot,,,,,4,1631212,Peyton Watson,1610612743.0,Denver,Nuggets,DEN,0,0,,,,,,0,0,,,,,,1
334,0022300061,488,4,0,3,9:18 PM,0:03,,,Reddish REBOUND (Off:0 Def:2),,,5,1629629,Cam Reddish,1610612747.0,Los Angeles,Lakers,LAL,0,0,,,,,,0,0,,,,,,1
335,0022300061,489,2,78,3,9:18 PM,0:00,,,MISS James 53' 3PT Floating Jump Shot,,,5,2544,LeBron James,1610612747.0,Los Angeles,Lakers,LAL,0,0,,,,,,0,0,,,,,,1
336,0022300061,490,4,0,3,9:18 PM,0:00,,,Lakers Rebound,,,3,1610612747,,,,,,0,0,,,,,,0,0,,,,,,1
337,0022300061,491,13,0,3,9:19 PM,0:00,,End of 3rd Period (9:19 PM EST),,80 - 87,7,0,0,,,,,,0,0,,,,,,0,0,,,,,,1
338,0022300061,494,12,0,4,9:22 PM,12:00,,Start of 4th Period (9:22 PM EST),,80 - 87,7,0,0,,,,,,0,0,,,,,,0,0,,,,,,0
339,0022300061,495,1,73,4,9:22 PM,11:48,,,James 3' Driving Reverse Layup (14 PTS) (Vincent 1 AST),82 - 87,5,5,2544,LeBron James,1610612747.0,Los Angeles,Lakers,LAL,5,1629216,Gabe Vincent,1610612747.0,Los Angeles,Lakers,LAL,0,0,,,,,,1
340,0022300061,497,7,2,4,9:22 PM,11:48,Gordon Violation:Defensive Goaltending (S.Twardoski),,,,,4,203932,Aaron Gordon,1610612743.0,Denver,Nuggets,DEN,0,0,,,,,,1,0,,,,,,1
341,0022300061,498,2,80,4,9:23 PM,11:26,MISS Jackson 19' Step Back Jump Shot,,,,,4,202704,Reggie Jackson,1610612743.0,Denver,Nuggets,DEN,0,0,,,,,,0,0,,,,,,1
342,0022300061,499,4,0,4,9:23 PM,11:23,,,Wood REBOUND (Off:0 Def:2),,,5,1626174,Christian Wood,1610612747.0,Los Angeles,Lakers,LAL,0,0,,,,,,0,0,,,,,,1
343,0022300061,500,1,9,4,9:23 PM,11:07,,,Wood 2' Driving Dunk (6 PTS),84 - 87,3,5,1626174,Christian Wood,1610612747.0,Los Angeles,Lakers,LAL,0,0,,,,,,0,0,,,,,,1
344,0022300061,502,1,80,4,9:23 PM,10:38,Gordon 25' 3PT Step Back Jump Shot (13 PTS),,,84 - 90,6,4,203932,Aaron Gordon,1610612743.0,Denver,Nuggets,DEN,0,0,,,,,,0,0,,,,,,1
345,0022300061,504,2,79,4,9:24 PM,10:16,,,MISS Russell 27' 3PT Pullup Jump Shot,,,5,1626156,D'Angelo Russell,1610612747.0,Los Angeles,Lakers,LAL,0,0,,,,,,0,0,,,,,,1
346,0022300061,505,4,0,4,9:24 PM,10:11,,,Reddish REBOUND (Off:1 Def:2),,,5,1629629,Cam Reddish,1610612747.0,Los Angeles,Lakers,LAL,0,0,,,,,,0,0,,,,,,1
347,0022300061,506,2,6,4,9:24 PM,10:09,,,MISS Reddish 3' Driving Layup,,,5,1629629,Cam Reddish,1610612747.0,Los Angeles,Lakers,LAL,0,0,,,,,,0,0,,,,,,1
348,0022300061,507,4,0,4,9:24 PM,10:09,,,Reddish REBOUND (Off:2 Def:2),,,5,1629629,Cam Reddish,1610612747.0,Los Angeles,Lakers,LAL,0,0,,,,,,0,0,,,,,,1
349,0022300061,508,1,97,4,9:24 PM,10:06,,,Reddish Tip Layup Shot (5 PTS),86 - 90,4,5,1629629,Cam Reddish,1610612747.0,Los Angeles,Lakers,LAL,0,0,,,,,,0,0,,,,,,1
350,0022300061,509,1,79,4,9:24 PM,9:53,Murray 18' Pullup Jump Shot (18 PTS),,,86 - 92,6,4,1627750,Jamal Murray,1610612743.0,Denver,Nuggets,DEN,0,0,,,,,,0,0,,,,,,1
351,0022300061,510,1,1,4,9:25 PM,9:42,,,James 29' 3PT Jump Shot (17 PTS) (Vincent 2 AST),89 - 92,3,5,2544,LeBron James,1610612747.0,Los Angeles,Lakers,LAL,5,1629216,Gabe Vincent,1610612747.0,Los Angeles,Lakers,LAL,0,0,,,,,,1
352,0022300061,512,2,1,4,9:25 PM,9:24,MISS Braun 25' 3PT Jump Shot,,,,,4,1631128,Christian Braun,1610612743.0,Denver,Nuggets,DEN,0,0,,,,,,0,0,,,,,,1
353,0022300061,513,4,0,4,9:25 PM,9:22,Gordon REBOUND (Off:2 Def:4),,,,,4,203932,Aaron Gordon,1610612743.0,Denver,Nuggets,DEN,0,0,,,,,,0,0,,,,,,1
354,0022300061,514,2,5,4,9:25 PM,9:14,MISS Braun 2' Layup,,,,,4,1631128,Christian Braun,1610612743.0,Denver,Nuggets,DEN,0,0,,,,,,0,0,,,,,,1
355,0022300061,516,1,72,4,9:25 PM,9:08,Braun Putback Layup (3 PTS),,,89 - 94,5,4,1631128,Christian Braun,1610612743.0,Denver,Nuggets,DEN,0,0,,,,,,0,0,,,,,,1
356,0022300061,515,4,0,4,9:25 PM,9:08,Braun REBOUND (Off:1 Def:2),,,,,4,1631128,Christian Braun,1610612743.0,Denver,Nuggets,DEN,0,0,,,,,,0,0,,,,,,1
357,0022300061,517,6,2,4,9:26 PM,8:49,Nnaji S.FOUL (P2.T1) (S.Twardoski),,,,,4,1630192,Zeke Nnaji,1610612743.0,Denver,Nuggets,DEN,5,1626174,Christian Wood,1610612747.0,Los Angeles,Lakers,LAL,1,0,,,,,,1
358,0022300061,519,3,11,4,9:26 PM,8:49,,,Wood Free Throw 1 of 2 (7 PTS),90 - 94,4,5,1626174,Christian Wood,1610612747.0,Los Angeles,Lakers,LAL,0,0,,,,,,0,0,,,,,,1
359,0022300061,520,8,0,4,9:26 PM,8:49,SUB: Jokic FOR Nnaji,,,,,4,1630192,Zeke Nnaji,1610612743.0,Denver,Nuggets,DEN,4,203999,Nikola Jokić,1610612743.0,Denver,Nuggets,DEN,0,0,,,,,,0
360,0022300061,522,3,12,4,9:26 PM,8:49,,,MISS Wood Free Throw 2 of 2,,,5,1626174,Christian Wood,1610612747.0,Los Angeles,Lakers,LAL,0,0,,,,,,0,0,,,,,,0
361,0022300061,523,4,0,4,9:26 PM,8:48,,,Wood REBOUND (Off:1 Def:2),,,5,1626174,Christian Wood,1610612747.0,Los Angeles,Lakers,LAL,0,0,,,,,,0,0,,,,,,1
362,0022300061,524,6,1,4,9:26 PM,8:48,Murray P.FOUL (P2.T2) (K.Cutler),,,,,4,1627750,Jamal Murray,1610612743.0,Denver,Nuggets,DEN,5,1626174,Christian Wood,1610612747.0,Los Angeles,Lakers,LAL,1,0,,,,,,0
363,0022300061,526,8,0,4,9:26 PM,8:48,,,SUB: Davis FOR James,,,5,2544,LeBron James,1610612747.0,Los Angeles,Lakers,LAL,5,203076,Anthony Davis,1610612747.0,Los Angeles,Lakers,LAL,0,0,,,,,,0
364,0022300061,528,2,1,4,9:27 PM,8:38,,,MISS Davis 27' 3PT Jump Shot,,,5,203076,Anthony Davis,1610612747.0,Los Angeles,Lakers,LAL,0,0,,,,,,0,0,,,,,,1
365,0022300061,529,4,0,4,9:27 PM,8:34,Gordon REBOUND (Off:2 Def:5),,,,,4,203932,Aaron Gordon,1610612743.0,Denver,Nuggets,DEN,0,0,,,,,,0,0,,,,,,1
366,0022300061,530,1,1,4,9:27 PM,8:17,Jokic 25' 3PT Jump Shot (25 PTS) (Braun 1 AST),,,90 - 97,7,4,203999,Nikola Jokić,1610612743.0,Denver,Nuggets,DEN,4,1631128,Christian Braun,1610612743.0,Denver,Nuggets,DEN,0,0,,,,,,1
367,0022300061,532,9,1,4,9:27 PM,8:15,,,Lakers Timeout: Regular (Reg.4 Short 0),,,3,1610612747,,,,,,0,0,,,,,,0,0,,,,,,0
368,0022300061,533,8,0,4,9:30 PM,8:15,SUB: Caldwell-Pope FOR Murray,,,,,4,1627750,Jamal Murray,1610612743.0,Denver,Nuggets,DEN,4,203484,Kentavious Caldwell-Pope,1610612743.0,Denver,Nuggets,DEN,0,0,,,,,,0
369,0022300061,534,8,0,4,9:30 PM,8:15,SUB: Porter Jr. FOR Gordon,,,,,4,203932,Aaron Gordon,1610612743.0,Denver,Nuggets,DEN,4,1629008,Michael Porter Jr.,1610612743.0,Denver,Nuggets,DEN,0,0,,,,,,0
370,0022300061,535,8,0,4,9:30 PM,8:15,,,SUB: Prince FOR Russell,,,5,1626156,D'Angelo Russell,1610612747.0,Los Angeles,Lakers,LAL,5,1627752,Taurean Prince,1610612747.0,Los Angeles,Lakers,LAL,0,0,,,,,,0
371,0022300061,536,8,0,4,9:30 PM,8:15,,,SUB: Reaves FOR Reddish,,,5,1629629,Cam Reddish,1610612747.0,Los Angeles,Lakers,LAL,5,1630559,Austin Reaves,1610612747.0,Los Angeles,Lakers,LAL,0,0,,,,,,0
372,0022300061,541,2,73,4,9:31 PM,8:01,,,MISS Vincent 4' Driving Reverse Layup,,,5,1629216,Gabe Vincent,1610612747.0,Los Angeles,Lakers,LAL,0,0,,,,,,0,0,,,,,,1
373,0022300061,542,4,0,4,9:31 PM,7:59,Porter Jr. REBOUND (Off:1 Def:8),,,,,4,1629008,Michael Porter Jr.,1610612743.0,Denver,Nuggets,DEN,0,0,,,,,,0,0,,,,,,1
374,0022300061,543,1,79,4,9:31 PM,7:45,Caldwell-Pope 18' Pullup Jump Shot (18 PTS) (Jokic 7 AST),,,90 - 99,9,4,203484,Kentavious Caldwell-Pope,1610612743.0,Denver,Nuggets,DEN,4,203999,Nikola Jokić,1610612743.0,Denver,Nuggets,DEN,0,0,,,,,,1
375,0022300061,545,5,4,4,9:31 PM,7:32,,,Prince Traveling Turnover (P1.T9),,,5,1627752,Taurean Prince,1610612747.0,Los Angeles,Lakers,LAL,0,0,,,,,,1,0,,,,,,1
376,0022300061,546,1,1,4,9:32 PM,7:19,Jokic 16' Jump Shot (27 PTS) (Braun 2 AST),,,90 - 101,11,4,203999,Nikola Jokić,1610612743.0,Denver,Nuggets,DEN,4,1631128,Christian Braun,1610612743.0,Denver,Nuggets,DEN,0,0,,,,,,1
377,0022300061,548,2,1,4,9:32 PM,7:06,,,MISS Vincent 26' 3PT Jump Shot,,,5,1629216,Gabe Vincent,1610612747.0,Los Angeles,Lakers,LAL,0,0,,,,,,0,0,,,,,,1
378,0022300061,549,4,0,4,9:32 PM,7:03,Porter Jr. REBOUND (Off:1 Def:9),,,,,4,1629008,Michael Porter Jr.,1610612743.0,Denver,Nuggets,DEN,0,0,,,,,,0,0,,,,,,1
379,0022300061,550,2,6,4,9:32 PM,6:48,MISS Braun 2' Driving Layup,,,,,4,1631128,Christian Braun,1610612743.0,Denver,Nuggets,DEN,0,0,,,,,,0,0,,,,,,1
380,0022300061,551,4,0,4,9:32 PM,6:46,,,Wood REBOUND (Off:1 Def:3),,,5,1626174,Christian Wood,1610612747.0,Los Angeles,Lakers,LAL,0,0,,,,,,0,0,,,,,,1
381,0022300061,553,8,0,4,9:33 PM,6:46,,,SUB: Russell FOR Vincent,,,5,1629216,Gabe Vincent,1610612747.0,Los Angeles,Lakers,LAL,5,1626156,D'Angelo Russell,1610612747.0,Los Angeles,Lakers,LAL,0,0,,,,,,0
382,0022300061,555,6,2,4,9:33 PM,6:33,Braun S.FOUL (P1.T3) (S.Twardoski),,,,,4,1631128,Christian Braun,1610612743.0,Denver,Nuggets,DEN,5,1630559,Austin Reaves,1610612747.0,Los Angeles,Lakers,LAL,1,0,,,,,,1
383,0022300061,557,3,11,4,9:34 PM,6:33,,,MISS Reaves Free Throw 1 of 2,,,5,1630559,Austin Reaves,1610612747.0,Los Angeles,Lakers,LAL,0,0,,,,,,0,0,,,,,,1
384,0022300061,558,4,1,4,9:34 PM,6:33,,,Lakers Rebound,,,3,1610612747,,,,,,0,0,,,,,,0,0,,,,,,0
385,0022300061,559,8,0,4,9:34 PM,6:33,SUB: Murray FOR Jackson,,,,,4,202704,Reggie Jackson,1610612743.0,Denver,Nuggets,DEN,4,1627750,Jamal Murray,1610612743.0,Denver,Nuggets,DEN,0,0,,,,,,0
386,0022300061,565,3,12,4,9:34 PM,6:33,,,Reaves Free Throw 2 of 2 (9 PTS),91 - 101,10,5,1630559,Austin Reaves,1610612747.0,Los Angeles,Lakers,LAL,0,0,,,,,,0,0,,,,,,1
387,0022300061,566,1,98,4,9:34 PM,6:16,Braun 3' Cutting Layup Shot (5 PTS) (Jokic 8 AST),,,91 - 103,12,4,1631128,Christian Braun,1610612743.0,Denver,Nuggets,DEN,4,203999,Nikola Jokić,1610612743.0,Denver,Nuggets,DEN,0,0,,,,,,1
388,0022300061,568,6,1,4,9:35 PM,6:04,Murray P.FOUL (P3.T4) (K.Cutler),,,,,4,1627750,Jamal Murray,1610612743.0,Denver,Nuggets,DEN,5,203076,Anthony Davis,1610612747.0,Los Angeles,Lakers,LAL,1,0,,,,,,1
389,0022300061,570,8,0,4,9:35 PM,6:04,SUB: Gordon FOR Braun,,,,,4,1631128,Christian Braun,1610612743.0,Denver,Nuggets,DEN,4,203932,Aaron Gordon,1610612743.0,Denver,Nuggets,DEN,0,0,,,,,,0
390,0022300061,571,8,0,4,9:35 PM,6:04,,,SUB: James FOR Wood,,,5,1626174,Christian Wood,1610612747.0,Los Angeles,Lakers,LAL,5,2544,LeBron James,1610612747.0,Los Angeles,Lakers,LAL,0,0,,,,,,0
391,0022300061,574,2,1,4,9:35 PM,5:58,,,MISS Reaves 29' 3PT Jump Shot,,,5,1630559,Austin Reaves,1610612747.0,Los Angeles,Lakers,LAL,0,0,,,,,,0,0,,,,,,1
392,0022300061,575,4,0,4,9:35 PM,5:55,Caldwell-Pope REBOUND (Off:1 Def:1),,,,,4,203484,Kentavious Caldwell-Pope,1610612743.0,Denver,Nuggets,DEN,0,0,,,,,,0,0,,,,,,1
393,0022300061,576,2,41,4,9:35 PM,5:52,MISS Murray 3' Running Layup,,,,,4,1627750,Jamal Murray,1610612743.0,Denver,Nuggets,DEN,0,0,,,,,,0,0,,,,,,1
394,0022300061,577,4,0,4,9:35 PM,5:52,,,James REBOUND (Off:1 Def:7),,,5,2544,LeBron James,1610612747.0,Los Angeles,Lakers,LAL,0,0,,,,,,0,0,,,,,,1
395,0022300061,578,1,1,4,9:35 PM,5:45,,,Prince 25' 3PT Jump Shot (18 PTS) (James 5 AST),94 - 103,9,5,1627752,Taurean Prince,1610612747.0,Los Angeles,Lakers,LAL,5,2544,LeBron James,1610612747.0,Los Angeles,Lakers,LAL,0,0,,,,,,1
396,0022300061,580,5,45,4,9:36 PM,5:28,Jokic Out of Bounds - Bad Pass Turnover Turnover (P2.T12),,,,,4,203999,Nikola Jokić,1610612743.0,Denver,Nuggets,DEN,0,0,,,,,,1,0,,,,,,1
397,0022300061,581,1,98,4,9:36 PM,5:17,,,James 3' Cutting Layup Shot (19 PTS) (Reaves 4 AST),96 - 103,7,5,2544,LeBron James,1610612747.0,Los Angeles,Lakers,LAL,5,1630559,Austin Reaves,1610612747.0,Los Angeles,Lakers,LAL,0,0,,,,,,1
398,0022300061,584,9,1,4,9:36 PM,5:15,NUGGETS Timeout: Regular (Full 5 Short 0),,,,,2,1610612743,,,,,,0,0,,,,,,0,0,,,,,,0
399,0022300061,585,1,1,4,9:40 PM,5:02,Murray 26' 3PT Jump Shot (21 PTS) (Jokic 9 AST),,,96 - 106,10,4,1627750,Jamal Murray,1610612743.0,Denver,Nuggets,DEN,4,203999,Nikola Jokić,1610612743.0,Denver,Nuggets,DEN,0,0,,,,,,1
400,0022300061,587,2,1,4,9:40 PM,4:45,,,MISS James 26' 3PT Jump Shot,,,5,2544,LeBron James,1610612747.0,Los Angeles,Lakers,LAL,0,0,,,,,,0,0,,,,,,1
401,0022300061,588,4,0,4,9:40 PM,4:42,NUGGETS Rebound,,,,,2,1610612743,,,,,,0,0,,,,,,0,0,,,,,,1
402,0022300061,590,1,79,4,9:41 PM,4:31,Caldwell-Pope 20' Pullup Jump Shot (20 PTS) (Jokic 10 AST),,,96 - 108,12,4,203484,Kentavious Caldwell-Pope,1610612743.0,Denver,Nuggets,DEN,4,203999,Nikola Jokić,1610612743.0,Denver,Nuggets,DEN,0,0,,,,,,1
403,0022300061,592,5,2,4,9:41 PM,4:14,Jokic STEAL (1 STL),,Russell Lost Ball Turnover (P2.T10),,,5,1626156,D'Angelo Russell,1610612747.0,Los Angeles,Lakers,LAL,4,203999,Nikola Jokić,1610612743.0,Denver,Nuggets,DEN,0,0,,,,,,1
404,0022300061,594,1,7,4,9:41 PM,3:54,Gordon Dunk (15 PTS) (Murray 6 AST),,,96 - 110,14,4,203932,Aaron Gordon,1610612743.0,Denver,Nuggets,DEN,4,1627750,Jamal Murray,1610612743.0,Denver,Nuggets,DEN,0,0,,,,,,1
405,0022300061,596,1,1,4,9:41 PM,3:40,,,Reaves 28' 3PT Jump Shot (12 PTS) (Davis 4 AST),99 - 110,11,5,1630559,Austin Reaves,1610612747.0,Los Angeles,Lakers,LAL,5,203076,Anthony Davis,1610612747.0,Los Angeles,Lakers,LAL,0,0,,,,,,1
406,0022300061,598,1,1,4,9:42 PM,3:19,Porter Jr. 24' 3PT Jump Shot (10 PTS) (Jokic 11 AST),,,99 - 113,14,4,1629008,Michael Porter Jr.,1610612743.0,Denver,Nuggets,DEN,4,203999,Nikola Jokić,1610612743.0,Denver,Nuggets,DEN,0,0,,,,,,1
407,0022300061,600,9,1,4,9:42 PM,3:17,,,Lakers Timeout: Regular (Reg.5 Short 0),,,3,1610612747,,,,,,0,0,,,,,,0,0,,,,,,0
408,0022300061,601,1,75,4,9:44 PM,2:59,,,James 3' Driving Finger Roll Layup (21 PTS),101 - 113,12,5,2544,LeBron James,1610612747.0,Los Angeles,Lakers,LAL,0,0,,,,,,0,0,,,,,,1
409,0022300061,602,6,2,4,9:44 PM,2:59,Caldwell-Pope S.FOUL (P4.PN) (S.Twardoski),,,,,4,203484,Kentavious Caldwell-Pope,1610612743.0,Denver,Nuggets,DEN,5,2544,LeBron James,1610612747.0,Los Angeles,Lakers,LAL,1,0,,,,,,1
410,0022300061,604,3,10,4,9:44 PM,2:59,,,MISS James Free Throw 1 of 1,,,5,2544,LeBron James,1610612747.0,Los Angeles,Lakers,LAL,0,0,,,,,,0,0,,,,,,1
411,0022300061,605,4,0,4,9:44 PM,2:57,Porter Jr. REBOUND (Off:1 Def:10),,,,,4,1629008,Michael Porter Jr.,1610612743.0,Denver,Nuggets,DEN,0,0,,,,,,0,0,,,,,,1
412,0022300061,606,6,1,4,9:44 PM,2:45,,,Russell P.FOUL (P3.T1) (K.Cutler),,,5,1626156,D'Angelo Russell,1610612747.0,Los Angeles,Lakers,LAL,4,1627750,Jamal Murray,1610612743.0,Denver,Nuggets,DEN,1,0,,,,,,1
413,0022300061,608,1,5,4,9:45 PM,2:36,Jokic 2' Layup (29 PTS),,,101 - 115,14,4,203999,Nikola Jokić,1610612743.0,Denver,Nuggets,DEN,0,0,,,,,,0,0,,,,,,1
414,0022300061,615,6,2,4,9:45 PM,2:28,Caldwell-Pope S.FOUL (P5.PN) (K.Cutler),,,,,4,203484,Kentavious Caldwell-Pope,1610612743.0,Denver,Nuggets,DEN,5,1630559,Austin Reaves,1610612747.0,Los Angeles,Lakers,LAL,1,0,,,,,,1
415,0022300061,617,6,11,4,9:46 PM,2:28,Caldwell-Pope T.FOUL (P5.PN) (K.Cutler),,,,,4,203484,Kentavious Caldwell-Pope,1610612743.0,Denver,Nuggets,DEN,0,0,,,,,,1,0,,,,,,1
416,0022300061,619,3,16,4,9:46 PM,2:28,,,MISS Reaves Free Throw Technical,,,5,1630559,Austin Reaves,1610612747.0,Los Angeles,Lakers,LAL,0,0,,,,,,0,0,,,,,,1
417,0022300061,620,4,1,4,9:46 PM,2:28,,,Lakers Rebound,,,3,1610612747,,,,,,0,0,,,,,,0,0,,,,,,0
418,0022300061,621,3,11,4,9:46 PM,2:28,,,Reaves Free Throw 1 of 2 (13 PTS),102 - 115,13,5,1630559,Austin Reaves,1610612747.0,Los Angeles,Lakers,LAL,0,0,,,,,,0,0,,,,,,1
419,0022300061,622,3,12,4,9:46 PM,2:28,,,Reaves Free Throw 2 of 2 (14 PTS),103 - 115,12,5,1630559,Austin Reaves,1610612747.0,Los Angeles,Lakers,LAL,0,0,,,,,,0,0,,,,,,1
420,0022300061,623,6,1,4,9:47 PM,2:16,,,Reaves P.FOUL (P1.T2) (J.Williams),,,5,1630559,Austin Reaves,1610612747.0,Los Angeles,Lakers,LAL,4,1627750,Jamal Murray,1610612743.0,Denver,Nuggets,DEN,1,0,,,,,,1
421,0022300061,625,2,105,4,9:47 PM,2:04,MISS Gordon 9' Turnaround Fadeaway Bank Jump Shot,,,,,4,203932,Aaron Gordon,1610612743.0,Denver,Nuggets,DEN,0,0,,,,,,0,0,,,,,,1
422,0022300061,626,4,0,4,9:47 PM,2:03,,,Russell REBOUND (Off:0 Def:4),,,5,1626156,D'Angelo Russell,1610612747.0,Los Angeles,Lakers,LAL,0,0,,,,,,0,0,,,,,,1
423,0022300061,627,5,1,4,9:47 PM,1:50,Porter Jr. STEAL (2 STL),,Reaves Bad Pass Turnover (P2.T11),,,5,1630559,Austin Reaves,1610612747.0,Los Angeles,Lakers,LAL,4,1629008,Michael Porter Jr.,1610612743.0,Denver,Nuggets,DEN,0,0,,,,,,1
424,0022300061,629,2,80,4,9:48 PM,1:36,MISS Porter Jr. 25' 3PT Step Back Jump Shot,,,,,4,1629008,Michael Porter Jr.,1610612743.0,Denver,Nuggets,DEN,0,0,,,,,,0,0,,,,,,1
425,0022300061,630,4,0,4,9:48 PM,1:33,,,Davis REBOUND (Off:1 Def:7),,,5,203076,Anthony Davis,1610612747.0,Los Angeles,Lakers,LAL,0,0,,,,,,0,0,,,,,,1
426,0022300061,631,5,1,4,9:48 PM,1:29,Caldwell-Pope STEAL (3 STL),,Russell Bad Pass Turnover (P3.T12),,,5,1626156,D'Angelo Russell,1610612747.0,Los Angeles,Lakers,LAL,4,203484,Kentavious Caldwell-Pope,1610612743.0,Denver,Nuggets,DEN,0,0,,,,,,1
427,0022300061,633,6,28,4,9:48 PM,1:15,,,Reaves Personal Take Foul (P2.T3) (K.Cutler),,,5,1630559,Austin Reaves,1610612747.0,Los Angeles,Lakers,LAL,4,1627750,Jamal Murray,1610612743.0,Denver,Nuggets,DEN,1,0,,,,,,1
428,0022300061,635,9,1,4,9:48 PM,1:15,,,Lakers Timeout: Regular (Reg.6 Short 0),,,3,1610612747,,,,,,0,0,,,,,,0,0,,,,,,0
429,0022300061,636,8,0,4,9:49 PM,1:15,,,SUB: Hayes FOR Russell,,,5,1626156,D'Angelo Russell,1610612747.0,Los Angeles,Lakers,LAL,5,1629637,Jaxson Hayes,1610612747.0,Los Angeles,Lakers,LAL,0,0,,,,,,0
430,0022300061,637,8,0,4,9:49 PM,1:15,,,SUB: Christie FOR Davis,,,5,203076,Anthony Davis,1610612747.0,Los Angeles,Lakers,LAL,5,1631108,Max Christie,1610612747.0,Los Angeles,Lakers,LAL,0,0,,,,,,0
431,0022300061,638,8,0,4,9:49 PM,1:15,,,SUB: Reddish FOR Prince,,,5,1627752,Taurean Prince,1610612747.0,Los Angeles,Lakers,LAL,5,1629629,Cam Reddish,1610612747.0,Los Angeles,Lakers,LAL,0,0,,,,,,0
432,0022300061,639,8,0,4,9:49 PM,1:15,,,SUB: Lewis FOR Reaves,,,5,1630559,Austin Reaves,1610612747.0,Los Angeles,Lakers,LAL,5,1641721,Maxwell Lewis,1610612747.0,Los Angeles,Lakers,LAL,0,0,,,,,,0
433,0022300061,640,8,0,4,9:49 PM,1:15,,,SUB: Vincent FOR James,,,5,2544,LeBron James,1610612747.0,Los Angeles,Lakers,LAL,5,1629216,Gabe Vincent,1610612747.0,Los Angeles,Lakers,LAL,0,0,,,,,,0
434,0022300061,646,2,1,4,9:50 PM,1:02,MISS Jokic 25' 3PT Jump Shot,,,,,4,203999,Nikola Jokić,1610612743.0,Denver,Nuggets,DEN,0,0,,,,,,0,0,,,,,,1
435,0022300061,647,4,0,4,9:50 PM,1:01,Porter Jr. REBOUND (Off:2 Def:10),,,,,4,1629008,Michael Porter Jr.,1610612743.0,Denver,Nuggets,DEN,0,0,,,,,,0,0,,,,,,1
436,0022300061,648,1,97,4,9:50 PM,1:01,Porter Jr. Tip Layup Shot (12 PTS),,,103 - 117,14,4,1629008,Michael Porter Jr.,1610612743.0,Denver,Nuggets,DEN,0,0,,,,,,0,0,,,,,,1
437,0022300061,649,1,75,4,9:50 PM,0:43,,,Vincent 3' Driving Finger Roll Layup (6 PTS),105 - 117,12,5,1629216,Gabe Vincent,1610612747.0,Los Angeles,Lakers,LAL,0,0,,,,,,0,0,,,,,,1
438,0022300061,651,9,1,4,9:51 PM,0:43,NUGGETS Timeout: Regular (Full 6 Short 0),,,,,2,1610612743,,,,,,0,0,,,,,,0,0,,,,,,0
439,0022300061,652,8,0,4,9:51 PM,0:43,SUB: Nnaji FOR Porter Jr.,,,,,4,1629008,Michael Porter Jr.,1610612743.0,Denver,Nuggets,DEN,4,1630192,Zeke Nnaji,1610612743.0,Denver,Nuggets,DEN,0,0,,,,,,0
440,0022300061,653,8,0,4,9:51 PM,0:43,SUB: Gillespie FOR Caldwell-Pope,,,,,4,203484,Kentavious Caldwell-Pope,1610612743.0,Denver,Nuggets,DEN,4,1631221,Collin Gillespie,1610612743.0,Denver,Nuggets,DEN,0,0,,,,,,0
441,0022300061,654,8,0,4,9:51 PM,0:43,SUB: Watson FOR Jokic,,,,,4,203999,Nikola Jokić,1610612743.0,Denver,Nuggets,DEN,4,1631212,Peyton Watson,1610612743.0,Denver,Nuggets,DEN,0,0,,,,,,0
442,0022300061,655,8,0,4,9:51 PM,0:43,SUB: Key FOR Murray,,,,,4,1627750,Jamal Murray,1610612743.0,Denver,Nuggets,DEN,4,1630296,Braxton Key,1610612743.0,Denver,Nuggets,DEN,0,0,,,,,,0
443,0022300061,656,8,0,4,9:51 PM,0:43,SUB: Pickett FOR Gordon,,,,,4,203932,Aaron Gordon,1610612743.0,Denver,Nuggets,DEN,4,1629618,Jalen Pickett,1610612743.0,Denver,Nuggets,DEN,0,0,,,,,,0
444,0022300061,662,1,79,4,9:52 PM,0:31,Pickett 17' Pullup Jump Shot (2 PTS),,,105 - 119,14,4,1629618,Jalen Pickett,1610612743.0,Denver,Nuggets,DEN,0,0,,,,,,0,0,,,,,,1
445,0022300061,663,6,2,4,9:52 PM,0:24,Watson S.FOUL (P1.PN) (J.Williams),,,,,4,1631212,Peyton Watson,1610612743.0,Denver,Nuggets,DEN,5,1629629,Cam Reddish,1610612747.0,Los Angeles,Lakers,LAL,1,0,,,,,,1
446,0022300061,665,3,11,4,9:53 PM,0:24,,,Reddish Free Throw 1 of 2 (6 PTS),106 - 119,13,5,1629629,Cam Reddish,1610612747.0,Los Angeles,Lakers,LAL,0,0,,,,,,0,0,,,,,,1
447,0022300061,666,3,12,4,9:53 PM,0:24,,,Reddish Free Throw 2 of 2 (7 PTS),107 - 119,12,5,1629629,Cam Reddish,1610612747.0,Los Angeles,Lakers,LAL,0,0,,,,,,0,0,,,,,,1
448,0022300061,667,13,0,4,9:54 PM,0:00,,End of 4th Period (9:54 PM EST),,107 - 119,12,0,0,,,,,,0,0,,,,,,0,0,,,,,,1
